nazwa;dom_wyc;schroniska;schr_mlodz;kempingi;pole_biw;hotel;motel;pensjonat;nieskat
Boles³awiec(1);0;0;0;0;0;0.666;0.183;0.09;0.062
Niemcza(3);0;0;0;0;0;0.882;0;0.118;0
Jawor(1);0;0;0.154;0;0.549;0.059;0.056;0;0.181
Bolków(3);0;0;0;0.323;0.216;0.3;0;0;0.162
Kowary(1);0;0;0;0;0;0.322;0;0;0.678
Piechowice(1);0;0;0;0;0;0.586;0;0;0.414
Mys³akowice(2);0;0;0;0;0;0.294;0;0;0.706
Lubawka(3);0;0;0;0;0;0.199;0;0;0.801
Miêdzylesie(3);0;0.13;0;0;0;0;0;0;0.87
NowaRuda(2);0;0.168;0;0.364;0;0;0;0.091;0.377
Szczytna(3);0;0;0;0.268;0;0;0;0;0.732
Leœna(3);0;0;0;0;0;0.434;0;0;0.566
Lubin(1);0;0;0;0;0;0.706;0;0;0.294
LwówekŒl¹ski(3);0;0;0;0;0;0.264;0;0;0.736
Milicz(3);0;0;0;0;0;0.192;0;0;0.808
O³awa(1);0;0;0;0;0;0.581;0;0;0.419
Œwidnica(1);0.073;0;0;0.218;0;0.479;0;0;0.23
Strzegom(3);0.195;0;0;0;0;0.225;0;0;0.58
ObornikiŒl¹skie(3);0;0;0;0.261;0.439;0.137;0;0;0.163
Trzebnica(3);0;0;0;0;0;0.874;0;0;0.126
Jedlina-Zdrój(1);0;0;0;0;0;0.184;0;0;0.816
Mieroszów(3);0;0.297;0;0;0;0;0;0.214;0.489
Kobierzyce(2);0;0;0;0;0;0.649;0;0;0.351
Sobótka(3);0;0.116;0;0.185;0;0.111;0;0;0.588
Zgorzelec(1);0;0;0;0;0;0.274;0;0.132;0.595
Zgorzelec(2);0;0;0;0;0;1;0;0;0
Osielsko(2);0;0;0;0;0;0.91;0;0.09;0
Che³mno(1);0;0;0;0;0;0.411;0;0;0.589
Kruszwica(3);0;0;0;0;0;0;0;0;1
Skêpe(3);0;0;0;0;0.537;0.463;0;0;0
Szubin(3);0;0;0;0;0;0.8;0.102;0;0.098
Wiêcbork(3);0;0;0;0;0;0.061;0;0.111;0.828
Osie(2);0;0;0;0;0;0;0;0.115;0.885
£ysomice(2);0;0;0;0;0;0.954;0;0;0.046
Lubiewo(2);0;0;0;0;0;0;0;0;1
¯nin(3);0.206;0;0;0.18;0.051;0.216;0;0;0.347
JanówPodlaski(2);0;0;0;0;0;0.619;0;0.11;0.271
JanówLubelski(3);0;0;0;0;0;0.277;0;0;0.723
Krasnystaw(1);0;0;0;0;0;0.146;0;0;0.854
Firlej(2);0;0;0;0;0;0;0;0;1
Jastków(2);0;0;0;0;0;0.742;0;0;0.258
DêbowaK³oda(2);0;0;0;0;0;0.18;0;0.08;0.74
Œwidnik(1);0;0;0;0;0;0.891;0.109;0;0
Susiec(2);0;0;0;0.336;0;0;0;0.131;0.532
W³odawa(1);0;0;0;0;0;0;0;0;1
Che³m(1);0;0;0;0;0;0.514;0;0;0.486
Miêdzyrzecz(3);0;0;0;0;0;0.123;0.082;0;0.796
Trzciel(3);0;0;0;0;0;0.516;0;0;0.484
OœnoLubuskie(3);0;0;0;0;0;0;0;0.583;0.417
Rzepin(3);0;0;0;0;0;0.656;0;0;0.344
StrzelceKrajeñskie(3);0;0;0;0;0;0.263;0;0;0.737
Lubniewice(3);0;0;0.054;0;0;0.203;0;0;0.742
Torzym(3);0;0;0;0;0.161;0.082;0.203;0;0.555
Lubrza(2);0;0;0;0;0;0;0.114;0;0.886
Œwiebodzin(3);0;0;0;0;0;0.615;0.116;0;0.269
Wschowa(3);0;0;0;0;0;0.046;0;0;0.954
Be³chatów(2);0;0;0;0;0;0.286;0;0;0.714
Kleszczów(2);0;0;0;0;0;0.493;0;0;0.507
Kutno(1);0;0;0;0;0;0.669;0;0;0.331
£ask(3);0;0;0;0;0;0.485;0;0;0.515
Tuszyn(3);0;0;0;0;0;0.472;0;0;0.528
Pabianice(1);0;0;0;0;0;0.9;0;0;0.1
Sulejów(3);0;0;0;0;0;0.309;0;0;0.691
Pêczniew(2);0;0;0;0;0.185;0.104;0;0;0.711
Uniejów(3);0;0;0;0;0;0.508;0;0;0.492
Radomsko(1);0;0;0;0;0;0.851;0;0;0.149
TomaszówMazowiecki(1);0;0;0;0;0;0.246;0;0;0.754
Osjaków(2);0;0;0;0;0;0.263;0.185;0;0.552
P¹tnów(2);0;0;0;0;0.163;0;0;0;0.837
ZduñskaWola(1);0;0;0;0;0;0.358;0;0;0.642
Zgierz(1);0;0;0;0;0;0.47;0;0;0.53
Stryków(3);0;0;0;0;0;0.758;0;0;0.242
Zgierz(2);0;0;0;0;0;0.07;0;0;0.93
PiotrkówTrybunalski(1);0;0;0;0;0;0.661;0;0;0.339
Bochnia(1);0;0;0;0;0;0.596;0;0;0.404
Rzezawa(2);0;0;0;0;0;0.295;0.146;0;0.56
Brzesko(3);0;0;0;0;0;0.626;0;0;0.374
Gorlice(1);0;0;0;0;0;0.326;0;0;0.674
WielkaWieœ(2);0;0;0;0;0;1;0;0;0
Zabierzów(2);0;0;0;0;0;0.731;0;0;0.269
Limanowa(1);0;0;0;0;0;0.411;0;0.096;0.493
MszanaDolna(1);0;0;0;0;0;0.161;0;0.158;0.681
MszanaDolna(2);0;0;0.042;0;0;0;0;0;0.958
NiedŸwiedŸ(2);0;0;0;0;0;0.212;0;0;0.788
Dobczyce(3);0;0;0;0;0;0.833;0;0;0.167
Myœlenice(3);0;0;0;0;0;0.438;0;0.074;0.488
Rytro(2);0;0;0;0;0;0.699;0;0;0.301
StaryS¹cz(3);0;0;0;0;0;0;0;0.044;0.956
NowyTarg(1);0;0;0;0;0;0.893;0;0.043;0.064
CzarnyDunajec(2);0;0.265;0;0;0;0.438;0;0;0.297
NowyTarg(2);0;0.263;0;0;0.091;0;0;0;0.646
OchotnicaDolna(2);0;0;0;0;0;0;0;0.122;0.878
Szaflary(2);0;0;0;0;0;0;0;0.189;0.811
MakówPodhalañski(3);0;0;0;0;0.205;0.205;0.119;0;0.471
Stryszawa(2);0;0.127;0;0;0;0;0;0;0.873
Andrychów(3);0;0;0;0;0;0.921;0;0;0.079
KalwariaZebrzydowska(3);0.089;0;0;0;0;0.147;0;0;0.764
Niepo³omice(3);0;0;0;0;0;0.567;0.072;0;0.361
Ciechanów(1);0;0;0;0;0;0.971;0;0;0.029
Wilga(2);0;0;0;0;0;0.225;0;0;0.775
GrodziskMazowiecki(3);0;0;0;0;0;0.918;0;0;0.082
Warka(3);0;0;0;0.075;0;0.456;0;0;0.469
Kozienice(3);0;0;0;0.249;0;0.212;0;0.207;0.332
Nieporêt(2);0;0;0;0;0;0.513;0;0;0.487
NowyDwórMazowiecki(1);0;0;0;0;0;1;0;0;0
Wi¹zowna(2);0;0;0;0;0;0.893;0;0.107;0
Konstancin-Jeziorna(3);0;0;0;0;0;0.251;0;0;0.749
Piaseczno(3);0;0;0;0;0;0.738;0;0;0.262
£¹ck(2);0;0;0;0;0;0;0;0;1
Nadarzyn(2);0;0;0;0;0;0.54;0;0;0.46
Raszyn(2);0;0;0;0;0;0.823;0;0;0.177
O¿arówMazowiecki(3);0;0;0;0;0;0.906;0;0;0.094
Radziejowice(2);0;0;0;0;0;0.718;0;0;0.282
Brzeg(1);0;0;0;0;0;0.407;0;0.052;0.541
Kêdzierzyn-KoŸle(1);0;0;0;0;0;0.564;0;0;0.436
Kluczbork(3);0;0;0;0.253;0;0.525;0;0;0.222
Gogolin(3);0;0;0;0;0;1;0;0;0
Namys³ów(3);0;0;0;0;0;0.927;0;0;0.073
Otmuchów(3);0;0;0;0.248;0;0;0;0;0.752
Olesno(3);0;0;0;0;0.39;0.429;0;0.127;0.054
Turawa(2);0;0;0;0;0;0;0;0;1
Leœnica(3);0;0;0;0;0;0;0;0;1
Brzozów(3);0;0;0;0;0;0.39;0;0;0.61
Dêbica(1);0;0;0;0;0;0.694;0;0.068;0.239
Jaros³aw(1);0;0;0;0;0;0.817;0.045;0;0.138
Jas³o(1);0;0;0.255;0;0;0.342;0.097;0;0.306
Dukla(3);0;0.177;0;0;0;0;0;0;0.823
Horyniec-Zdrój(2);0;0;0;0;0;0;0;0;1
£añcut(1);0;0;0;0;0;0.629;0.056;0;0.315
Mielec(1);0;0;0;0;0;0.755;0;0;0.245
SêdziszówMa³opolski(3);0.109;0;0;0;0;0.558;0;0;0.332
G³ogówMa³opolski(3);0;0;0;0;0;0.73;0;0;0.27
Trzebownisko(2);0;0;0;0;0;0.864;0;0;0.136
Komañcza(2);0;0;0;0;0;0;0;0.055;0.945
Sanok(2);0;0;0;0;0;0;0.258;0;0.742
StalowaWola(1);0;0;0.05;0;0;0.369;0;0;0.581
BaranówSandomierski(3);0;0;0;0;0;0.453;0;0;0.547
Baligród(2);0;0;0;0;0;0;0;0;1
Lesko(3);0;0;0;0;0;0.165;0;0.112;0.722
Nowinka(2);0;0;0;0;0;0;0;0.051;0.949
P³aska(2);0;0;0;0;0.33;0;0;0;0.67
Supraœl(3);0;0;0;0;0;0.474;0;0;0.526
Tykocin(3);0;0;0;0;0;0;0;0;1
Rajgród(3);0;0;0;0;0;0;0;0.113;0.887
DubiczeCerkiewne(2);0;0.155;0;0;0.311;0;0;0;0.534
Giby(2);0;0;0;0;0;0;0;0;1
Suwa³ki(2);0;0;0;0;0.067;0.177;0;0;0.756
Ciechanowiec(3);0;0;0;0;0;0.26;0;0;0.74
£om¿a(1);0;0;0;0.09;0;0.681;0.133;0;0.096
Bytów(3);0.144;0;0;0;0.115;0.253;0;0;0.489
Chojnice(1);0;0;0;0;0;0.841;0;0;0.159
Czersk(3);0;0;0;0;0.866;0;0;0;0.134
Przechlewo(2);0;0;0;0;0.611;0.217;0;0;0.172
Kolbudy(2);0;0;0;0;0;0.96;0;0;0.04
PruszczGdañski(2);0;0;0;0;0;0.384;0;0;0.616
Przywidz(2);0;0;0;0.177;0;0.184;0;0;0.639
Chmielno(2);0;0;0;0.227;0;0;0;0;0.773
Kartuzy(3);0;0;0;0;0;0.41;0;0;0.59
Sierakowice(2);0;0;0;0;0;0;0;0;1
Somonino(2);0;0;0;0;0;0.076;0;0.245;0.678
Sulêczyno(2);0;0;0;0;0;0.127;0;0;0.873
Koœcierzyna(1);0;0;0;0;0;0.513;0;0;0.487
Kwidzyn(1);0;0;0;0;0;0.3;0;0.063;0.638
Puck(1);0;0;0;0;0;0.376;0;0;0.624
Kosakowo(2);0;0;0;0;0;0;0;0.233;0.767
Puck(2);0;0;0;0;0;0.268;0;0;0.732
Lubichowo(2);0;0;0;0;0;0;0;0;1
Zblewo(2);0;0;0;0;0;0;0;0;1
Gniew(3);0;0;0.217;0;0;0.674;0.056;0.024;0.029
Rumia(1);0;0;0;0;0;0.914;0;0;0.086
Wejherowo(1);0;0;0;0.44;0;0.406;0;0;0.154
Cieszyn(1);0;0;0;0;0;0.654;0;0;0.346
Koszêcin(2);0;0;0;0;0.723;0;0;0;0.277
Pszczyna(3);0;0;0;0;0;0.942;0;0.058;0
Racibórz(1);0;0;0;0.127;0;0.57;0.057;0;0.245
Zawiercie(1);0;0;0;0;0;0.85;0;0;0.15
¯ywiec(1);0;0.097;0;0;0;0.131;0;0;0.771
£odygowice(2);0;0;0;0;0;0;0;0.046;0.954
Milówka(2);0;0;0;0;0;0.174;0;0;0.826
WêgierskaGórka(2);0;0;0;0;0;0.177;0;0.102;0.721
Bytom(1);0;0;0;0;0;0.432;0.093;0;0.475
Chorzów(1);0;0;0;0;0;0.958;0;0;0.042
D¹browaGórnicza(1);0;0;0;0.08;0;0.725;0;0;0.195
Jaworzno(1);0;0;0;0;0;0.463;0;0;0.537
PiekaryŒl¹skie(1);0;0;0;0;0;0.821;0;0;0.179
RudaŒl¹ska(1);0;0;0;0;0;0.193;0;0;0.807
Rybnik(1);0;0;0;0;0;1;0;0;0
Sosnowiec(1);0;0;0;0;0;0.81;0;0;0.19
¯ory(1);0;0;0;0;0;0.632;0;0;0.368
Bodzentyn(3);0;0;0;0;0;0.126;0;0.07;0.804
Mas³ów(2);0;0;0;0;0;0.654;0;0.085;0.261
MiedzianaGóra(2);0;0;0;0.687;0;0.235;0.055;0;0.023
NowaS³upia(2);0;0;0;0;0;0.157;0;0.154;0.69
Raków(2);0;0;0;0;0.77;0.142;0;0;0.088
OstrowiecŒwiêtokrzyski(1);0;0;0;0;0;0.626;0.047;0;0.327
Suchedniów(3);0;0;0;0.131;0;0.738;0;0;0.131
Starachowice(1);0;0;0;0;0;0.971;0;0;0.029
Lidzbark(3);0;0;0;0;0;0;0;0;1
E³k(1);0;0;0;0.204;0;0.101;0;0;0.696
Kruklanki(2);0;0;0;0;0;0;0;0;1
Ryn(3);0;0;0;0;0;0.509;0;0.102;0.389
I³awa(2);0;0;0;0;0;0.085;0.029;0;0.885
Kêtrzyn(1);0;0;0;0;0;0.318;0;0;0.682
LidzbarkWarmiñski(2);0;0;0;0;0;0;0;0;1
Sorkwity(2);0;0;0;0;0.155;0.14;0;0;0.705
Nidzica(3);0;0;0;0;0;0;0;0;1
Olecko(3);0;0;0.069;0;0;0.329;0;0;0.602
Barczewo(3);0;0;0;0.202;0;0.359;0;0;0.44
Biskupiec(3);0;0;0;0;0;0.162;0;0;0.838
Dywity(2);0;0;0;0.169;0.831;0;0;0;0
Gietrzwa³d(2);0;0;0;0;0;0.306;0;0;0.694
Purda(2);0;0;0;0;0.245;0;0;0;0.755
Stawiguda(2);0;0;0;0;0.089;0.32;0;0;0.591
£ukta(2);0;0;0;0;0.377;0.445;0;0;0.178
Mi³om³yn(3);0;0;0;0;0;0.851;0;0;0.149
Mor¹g(3);0;0;0;0;0;0.588;0;0.137;0.275
Orzysz(3);0;0;0;0;0.254;0;0;0;0.746
Szczytno(1);0;0;0;0;0;0.647;0;0;0.353
Jedwabno(2);0;0;0;0;0.039;0.256;0;0;0.705
Pasym(3);0;0;0;0;0.193;0;0;0;0.807
Lubasz(2);0;0;0;0.344;0;0;0;0;0.656
GrodziskWielkopolski(3);0;0;0;0;0;0.45;0.393;0;0.157
¯erków(3);0;0;0;0;0;0.259;0;0;0.741
Osieczna(3);0;0;0;0;0.127;0.146;0;0.04;0.687
Wijewo(2);0;0;0;0;0.276;0;0;0;0.724
Miêdzychód(3);0;0;0;0.053;0;0.12;0;0;0.826
Opalenica(3);0;0;0;0;0;0.554;0;0;0.446
Zb¹szyñ(3);0;0;0;0;0;0.697;0;0;0.303
OstrówWielkopolski(1);0;0;0;0;0;1;0;0;0
Przygodzice(2);0;0;0;0;0;0;0;0.048;0.952
KobylaGóra(2);0;0;0;0;0.437;0;0;0.072;0.491
Go³uchów(2);0;0;0;0;0.348;0.052;0;0.023;0.577
Pleszew(3);0;0;0;0;0;0.66;0;0;0.34
Komorniki(2);0;0;0;0;0;0.83;0;0.17;0
Kórnik(3);0;0;0;0.106;0.141;0.376;0;0;0.376
Mosina(3);0;0;0;0;0;0.432;0;0.037;0.531
Stêszew(3);0;0;0;0;0.241;0;0.116;0;0.643
Swarzêdz(3);0;0;0;0;0;0.798;0;0;0.202
Ostrowite(2);0;0;0;0;0.478;0;0;0;0.522
Powidz(2);0;0;0;0;0;0.204;0;0;0.796
Zaniemyœl(2);0;0;0;0;0;0.116;0;0;0.884
W¹growiec(1);0;0;0;0;0;0.373;0;0;0.628
Wrzeœnia(3);0;0;0;0.198;0;0.508;0;0.069;0.225
Kalisz(1);0;0;0;0;0;0.94;0;0;0.06
Leszno(1);0;0;0;0;0;0.838;0;0;0.162
DrawskoPomorskie(3);0;0;0;0;0.1;0.082;0;0;0.818
Goleniów(3);0;0;0;0;0;0.531;0;0;0.469
Gryfino(3);0;0;0;0;0;0;0;0;1
KamieñPomorski(3);0;0;0;0;0;0.05;0;0;0.95
Barlinek(3);0;0;0;0;0;0.285;0;0.137;0.577
Myœlibórz(3);0;0;0;0;0;0.359;0;0.052;0.589
Police(3);0;0;0;0;0;0.444;0;0.129;0.427
Stargard(1);0;0;0;0;0;1;0;0;0
Kobylanka(2);0;0;0;0.112;0;0.381;0.299;0;0.209
Szczecinek(1);0;0;0.142;0.426;0;0.311;0;0.027;0.095
Po³czyn-Zdrój(3);0;0;0;0;0;0;0;0;1
Wa³cz(1);0;0;0;0;0;0.079;0;0;0.921
Boles³awiec(2);0;0;0;0;0;0.833;0;0;0.167
Jerzmanowa(2);0;0;0;0;0;0.764;0;0;0.236
JanowiceWielkie(2);0;0;0;0;0;0;0;0;1
KamiennaGóra(2);0;0;0;0;0;0;0;0;1
NowaRuda(1);1;0;0;0;0;0;0;0;0
LewinK³odzki(2);0;0;0;0;0;0;0;0;1
Krotoszyce(2);0;0;0;0;0;0.929;0;0;0.071
Lubañ(1);0;0;0;0;0;0.625;0.375;0;0
Lubañ(2);0;0;0;0;0;0;0;0;1
Lubin(2);0;0;0;0;0;0.857;0;0;0.143
Syców(3);0;0;0;0;0;0.85;0.15;0;0
Twardogóra(3);0;0;0;0.702;0;0.298;0;0;0
Przemków(3);0;0;0;0;0;0;0;0;1
Strzelin(3);0;0;0;0;0;0.813;0;0;0.188
Miêkinia(2);0;0;0;0;0;0.635;0;0;0.365
Marcinowice(2);0;0;0;0;0;0.667;0;0;0.333
Wo³ów(3);0;0;0;0;0;0;0;0;1
Siechnice(3);0;0;0;0;0;0;0;0;1
Bardo(3);0;0;0;0;0;0;0;0.527;0.473
KamieniecZ¹bkowicki(2);0;0;0;0;0;0;0;0;1
Z³otoryja(1);0;0;0;0;0;0.574;0;0;0.426
Œwierzawa(3);0;0;0;0;0;0;0;0;1
SolecKujawski(3);0;0;0;0;0;0.607;0;0;0.393
Che³mno(2);0;0;0;0;0;0;0;0;1
Golub-Dobrzyñ(2);0;0;0;0;0;0.444;0;0;0.556
£asin(3);0;0;0;0;0;0;0;0;1
Pakoœæ(3);0;0;0;0;0;0;0;0;1
Strzelno(3);0;0;0;0;0;0;0;0;1
PiotrkówKujawski(3);0;0;0;0;0;0;0;0;1
Topólka(2);0;0;0;0;0;0;0;0;1
Rypin(1);0;0;0;0;0;0.656;0;0;0.344
Rogowo(2);0;0;0;0;0;0;0;0;1
SêpólnoKrajeñskie(3);0;0;0;0;0;0.824;0;0;0.176
Obrowo(2);0;0;0;0;0;0;0;0;1
Œliwice(2);0;0;0;0;0;0;0;0;1
Kowal(2);0;0;0;0;0;0.533;0;0;0.467
£abiszyn(3);0;0;0;0;0;0.342;0;0;0.658
Bia³aPodlaska(2);0;0;0;0;0;0.513;0;0;0.487
Kodeñ(2);0;0;0;0;0;0;0;0;1
Sawin(2);0;0;0;0;0;0;0;0;1
Hrubieszów(2);0;0;0;0;0;0;0;0;1
Modliborzyce(3);0;0;0;0;0;0.836;0;0;0.164
Garbów(2);0;0;0;0;0;1;0;0;0
£êczna(3);0;0;0;0;0;0.726;0;0;0.274
£uków(1);0;0;0;0;0;1;0;0;0
JózefównadWis³¹(2);0;0;0;0;0;0.615;0;0;0.385
Karczmiska(2);0;0;0;0;0;0;0;0.474;0.526
OpoleLubelskie(3);0;0;0;0;0;0.473;0;0;0.527
Janowiec(2);0;0;0;0;0;0.724;0;0;0.276
W¹wolnica(2);0;0;0;0;0;0;0;0;1
¯yrzyn(2);0;0;0;1;0;0;0;0;0
RadzyñPodlaski(1);0;0;0;0;0;0;0;0;1
Ryki(3);0;0;0;0;0;0.771;0;0;0.229
Urszulin(2);0;0;0;0;0;0;0;0;1
Nielisz(2);0;0;0;0;0;0.8;0;0;0.2
Witnica(3);0;0;0;0;0;0;0;0;1
D¹bie(2);0;0;0;0;0;0;0;0;1
KrosnoOdrzañskie(3);0;0;0;0;0;0.766;0;0;0.234
BytomOdrzañski(3);0;0;0;0;0;0;0;0;1
Otyñ(2);0;0;0;0;0;0;0.366;0.634;0
Cybinka(3);0;0.488;0;0;0;0;0;0;0.512
Dobiegniew(3);0;0;0;0;0;0;0;0;1
Zb¹szynek(3);0;0;0;0;0;1;0;0;0
Babimost(3);0;0;0;0;0;0;0;0;1
Zabór(2);0;0;0;0;0;0;0;0;1
I³owa(3);0;0;0;0;0;0.778;0;0;0.222
Szprotawa(3);0;0;0;0;0;1;0;0;0
Brody(2);0;0;0;0;0;0;0;0;1
Trzebiel(2);0;0;0;0;0;0;0.725;0;0.275
Tuplice(2);0;0;0;0;0;0;0;0;1
¯ary(2);0;0;0;0;0;0;0;0.348;0.652
£êczyca(2);0;0;0;0;0;0.802;0.198;0;0
Rzgów(3);0;0;0;0;0;1;0;0;0
¯arnów(2);0;0;0;0;0;0;0.545;0;0.455
D³utów(2);0;0;0;0;0;0;0;0;1
Dzia³oszyn(3);0;0;0;0;0;0.583;0;0;0.417
Rêczno(2);0;0;0;0;0;0;0;0;1
Poddêbice(3);0;0;0;0;0;0;0;0;1
Przedbórz(3);0;0;0;0;0;0;0;0;1
Bia³aRawska(3);0;0;0;0;0;1;0;0;0
RawaMazowiecka(2);0;0;0;0;0;1;0;0;0
Burzenin(2);0;0;0;0;0;0;0;0;1
Sieradz(2);0;0;0;0;0;0.879;0;0;0.121
Warta(3);0;0;0;0;0;0.262;0;0.738;0
Wróblew(2);0;0;0;0;0;0;0;0;1
Wieluñ(3);0;0;0;0;0;1;0;0;0
Ozorków(1);0;0;0;0;0;0;0;0;1
Ozorków(2);0;0;0;0;0;0.529;0;0;0.471
LipnicaMurowana(2);0;0;0;0;0;0.729;0;0;0.271
£apanów(2);0;0;0;0;1;0;0;0;0
Bobowa(3);0;0;0;0;0;0;0;0;1
Skawina(3);0;0;0;0;0;0.843;0;0;0.157
Su³oszowa(2);0;0;0;0;0;0;0;0;1
Dobra(2);0;0;0;0;0;0;0;0;1
Laskowa(2);0;0;0;0;0;1;0;0;0
Ksi¹¿Wielki(2);0;0;0;0;0;0.444;0;0;0.556
Miechów(3);0;0;0;0;0;0.717;0;0;0.283
Tokarnia(2);0;0;0;0;0;0.553;0;0;0.447
Grybów(2);0;0;0;0;0;0.296;0;0;0.704
£abowa(2);0;0.531;0;0;0;0;0;0;0.469
£ososinaDolna(2);0;0;0;0;0;0.833;0;0;0.167
RabaWy¿na(2);0;0;0;0;0;0.694;0;0;0.306
Klucze(2);0;0;0;0;0;0.577;0;0;0.423
Osiek(2);0;0;0;0;0;0.86;0;0;0.14
Bystra-Sidzina(2);0;0.349;0;0;0;0;0;0;0.651
Zembrzyce(2);0;0;0;0;0;0;0;0;1
Tarnów(2);0;0;0;0;0;1;0;0;0
Wojnicz(3);0;0;0;0;0;0;0;0;1
Stryszów(2);0;0;0;0;0;0.242;0;0;0.758
Tomice(2);0;0;0;0;0;1;0;0;0
Ciechanów(2);0;0;0;0;0;0;0;0;1
Gostynin(1);0;0;0;0;0;0;0;0;1
Garbatka-Letnisko(2);0;0;0;0;0;0;0;0;1
Halinów(3);0;0;0;0;0;0.545;0;0;0.455
MiñskMazowiecki(2);0.486;0;0;0;0;0.514;0;0;0
M³awa(1);0;0;0;0;0;0.739;0;0;0.261
Nasielsk(3);0;0;0;0;0;0.787;0;0;0.213
Zakroczym(3);0;0;0;0;0;0;0;0.443;0.557
Otwock(1);0;0;0;0;0;0.637;0;0;0.363
Osieck(2);0;0;0;0;0;0.636;0;0;0.364
S³upno(2);0;0;0;0;0;1;0;0;0
Wyszogród(3);0;0;0;0;0;0;0;0;1
P³oñsk(1);0;0;0;0;0;1;0;0;0
NoweMiasto(2);0;0;0;0;0;0;0;0;1
Przasnysz(1);0;0;0;0;0;0.563;0;0;0.438
Kowala(2);0;0;0;0;0;0.256;0;0;0.744
Zakrzew(2);0;0;0;0;0;0.467;0;0;0.533
Kotuñ(2);0;0;0;0;0;0;0;0;1
Siedlce(2);0;0;0;0;0;0.517;0;0;0.483
Sierpc(2);0;0;0;0;0;0.588;0;0;0.412
Szczutowo(2);0;0;0;0;0;0;0;0;1
Soko³ówPodlaski(1);0;0;0;0;0;0;0;0;1
Repki(2);0;0;0;0;0;0;0;0;1
Chlewiska(2);0;0;0;0;0;0.764;0;0;0.236
Oroñsko(2);0;0;0;0;0;0.86;0;0;0.14
Kampinos(2);0;0;0;0;0;0;0;0;1
Leszno(2);0;0;0;0;0;0;0;0;1
Wêgrów(1);0;0;0;0;0;1;0;0;0
Z¹bki(1);0;0;0;0;0;0.333;0;0;0.667
Radzymin(3);0;0;0;0;0;0;1;0;0
Wo³omin(3);0;0;0;0;0;0.209;0;0;0.791
Somianka(2);0;0;0;0;0;0;0;0;1
Zwoleñ(3);0;0;0;0;0;0.66;0;0;0.34
Mszczonów(3);0;0;0;0;0;1;0;0;0
Grodków(3);0;0;0;0;0;1;0;0;0
Paw³owiczki(2);0;0;0;0;0;1;0;0;0
Krapkowice(3);0;0;0;0;0;0.833;0;0;0.167
Dobrodzieñ(3);0;0;0;0;0;0.72;0;0;0.28
GorzówŒl¹ski(3);0;0;0;0;0;1;0;0;0
Rudniki(2);0;0;0;0;0;0;0.412;0;0.588
Ozimek(3);0;0;0;0;0;0.891;0;0;0.109
Jaros³aw(2);0;0;0;0;0;1;0;0;0
Paw³osiów(2);0;0;0;0;0;0;0;0;1
Nowy¯migród(2);0;0;0;0;0;0;0;0;1
Kolbuszowa(3);0.526;0;0;0;0;0.474;0;0;0
Lubaczów(2);0;0;0;0;0;0;0;0;1
Narol(3);0;0;0;0;0;0;0;0;1
Oleszyce(3);0;0;0;0;0;0;0;0;1
Bia³obrzegi(2);0;0;0;0;0;0;0;0;1
Rakszawa(2);0;0;0;0;0;0;0;0;1
¯o³ynia(2);0;0;0;0;0;0;0;0;1
Harasiuki(2);0;0;0;0;0;0;0;0;1
Nisko(3);0;0;0;0;0;0;0;0;1
Fredropol(2);0;0;0;0;0;0;0;0;1
Ropczyce(3);0;0;0;0;0;0;0.87;0;0.13
Kamieñ(2);0;0;0;0;0;0;0;0.455;0.545
Krasne(2);0;0;0;0;0;0;0.615;0;0.385
Lubenia(2);0;0;0;0;0;0.425;0;0;0.575
Œwilcza(2);0;0;0;0;0;1;0;0;0
RadomyœlnadSanem(2);0;0;0;0;0;0.58;0;0;0.42
Frysztak(2);0;0;0;0;0;0;0;0;1
Strzy¿ów(3);0;0;0;0;0;1;0;0;0
CzarnaBia³ostocka(3);0;0;0;0;0;0;0;0;1
Gródek(2);0;0;0;0;0;0.837;0;0;0.163
JuchnowiecKoœcielny(2);0;0;0;0;0;0.419;0;0;0.581
Sura¿(3);0;0;0;0;0.588;0;0;0.412;0
BielskPodlaski(2);0;0;0;0;0;0.534;0;0;0.466
£om¿a(2);0;0;0;0;0;0.71;0;0.29;0
Nowogród(3);0;0;0;0;0;0;0;0;1
Pi¹tnica(2);0;0;0;0;0;0.538;0.462;0;0
Moñki(3);0;0;0;0;0;0;0.304;0;0.696
Trzcianne(2);0;0;0;0;0;0;0;0.634;0.366
Sejny(1);0;0;0;0;0;0.737;0;0;0.263
Puñsk(2);0;0;0;0;0;0;0;0;1
Mielnik(2);0;0;0;0;0;0;0;0;1
Jeleniewo(2);0;0;0;0;0;0;0;0;1
Rutka-Tartak(2);0;0;0;0;0;0;0;0;1
Brusy(3);0;0;0;0;0;0;0;0;1
Cz³uchów(2);0;0;0;0;0;0;0;0;1
Kocza³a(2);0;0;0;0;0;0;0;0;1
Tr¹bkiWielkie(2);0;0;0;0;0;0;0;0;1
Lêbork(1);0;0;0;0;0;0.375;0;0;0.625
Malbork(2);0;0;0;0;0;0;0;0;1
DêbnicaKaszubska(2);0;0;0;0;0;0;0;0;1
Potêgowo(2);0;0;0;0;0;0;0;0;1
S³upsk(2);0;0;0;0;0;0;0;0;1
Skórcz(2);0;0;0;0;0;0;0;0;1
Luzino(2);0;0;0;0;0;0.758;0;0;0.242
£êczyce(2);0;0.672;0;0;0;0.328;0;0;0
Siewierz(3);0;0;0;0;0;0.672;0;0;0.328
S³awków(1);0;0;0;0;0;0;0;0;1
Czechowice-Dziedzice(3);0;0;0;0;0;0.364;0;0;0.636
Jasienica(2);0;0;0;0;0;0;0.458;0;0.542
Strumieñ(3);0;0;0;0;0;0;0;0;1
Zebrzydowice(2);0;0;0;0;0;0.597;0;0;0.403
Olsztyn(2);0;0;0;0;0;0;0;0;1
Pyskowice(1);0;0;0;0;0;0.568;0;0;0.432
Giera³towice(2);0;0;0;0;0;0.891;0;0;0.109
WoŸniki(3);0;0;0;0;0;0.822;0;0;0.178
Kozieg³owy(3);0;0;0;0;0;0.458;0;0;0.542
Poraj(2);0;0;0;0;0;0.798;0;0;0.202
Kobiór(2);0;0;0;0;0;0.528;0;0;0.472
Paw³owice(2);0;0;0;0;0;0.619;0;0;0.381
KuŸniaRaciborska(3);0;0;0;0;0;1;0;0;0
Czerwionka-Leszczyny(3);0;0;0;0;0;0.816;0;0;0.184
Radzionków(1);0;0;0;0;0;0;0;0;1
O¿arowice(2);0;0;0;0;0;0.874;0;0;0.126
Bieruñ(1);0;0;0;0;0;0.879;0;0;0.121
Pszów(1);0;0;0;0;0;0;0;0;1
W³odowice(2);0;0;0;0;0;0;0;0;1
Lipowa(2);0;0;0;0;0;0.674;0;0;0.326
Œlemieñ(2);0;0;0;0;0;0;0;0;1
Œwiêtoch³owice(1);0;0;0;0;0;0;0;0.379;0.621
Sêdziszów(3);0;0;0;0;0;0.419;0;0;0.581
Opatowiec(2);0;0;0;0;0;1;0;0;0
Strawczyn(2);0;0;0;0;0;0.238;0;0;0.762
RudaMaleniecka(2);0;0;0;0;0;0;1;0;0
Iwaniska(2);0;0;0;0;0;0;0;0.773;0.227
Ba³tów(2);0;0;0;0;0;0;0;0;1
Bodzechów(2);0;0;0;0;0;0.497;0;0;0.503
Brody(2);0;0;0;0;0;0;0;0;1
Szyd³ów(2);0;0;0;0;0;0;0;0;1
Elbl¹g(2);0;0;0;0;0;0;0;0;1
Pas³êk(3);0;0;0;0;0;0;0;0;1
Lubawa(1);0;0;0;0;0;0.413;0;0;0.587
Lubawa(2);0;0;0;0;0;1;0;0;0
Susz(3);0;0;0;0;0;0;0;0;1
NoweMiastoLubawskie(1);0;0;0;0;0;0;0;0;1
Grodziczno(2);0;0;0;1;0;0;0;0;0
DobreMiasto(3);0;0;0;0;0;0.688;0;0;0.313
Bia³aPiska(3);0;0;0;0;0;0;0.606;0;0.394
DŸwierzuty(2);0;0;0;0;0;0;0;0;1
Chodzie¿(2);0;0;0;0;0;1;0;0;0
Szamocin(3);0;0;0;0;0;0;0;0;1
Czarnków(2);0;0;0;0;0;0;0;0;1
Gniezno(2);0;0;0;0;0;0.378;0;0;0.622
£ubowo(2);0;0;0;0;0;1;0;0;0
Ceków-Kolonia(2);0;0;0;0;0;0;0;0;1
KoŸminek(2);0;0;0;0;0;0.764;0;0;0.236
Stawiszyn(3);0;0;0;0;0;0.541;0;0;0.459
¯elazków(2);0;0;0;0;0;0.38;0;0;0.62
Kêpno(3);0;0;0;0;0;0.719;0.281;0;0
Ko³o(1);0;0;0;0;0;0.415;0;0;0.585
Grzegorzew(2);0;0;0;0;0;0;0;0;1
Kleczew(3);0;0;0;0;0.471;0;0;0;0.529
Krzymów(2);0;0;0;0;0;0;0;0;1
Skulsk(2);0;0;0;0;0;0;0;0;1
Koœcian(1);0;0;0;0;0;0.711;0;0;0.289
KoŸminWielkopolski(3);0;0;0;0;0;0;0;0;1
Lipno(2);0;0;0;0;0;0.646;0.354;0;0
Œwiêciechowa(2);0;0;0;0;0;0.889;0;0;0.111
Kuœlin(2);0;0;0;0;0;0.756;0;0;0.244
Miedzichowo(2);0;0;0;0;0;0;0;0;1
NoweSkalmierzyce(3);0;0;0;0;0;1;0;0;0
Szyd³owo(2);0;0;0;0;0;0;0;0;1
Giza³ki(2);0;0;0;0;0;0;0;0;1
Kleszczewo(2);0;0;0;0;0;0;0;0;1
Kostrzyn(3);0;0;0;0;0;0;0;0;1
MurowanaGoœlina(3);0;0;0;0;0;0.344;0;0;0.656
Bojanowo(3);0;0;0;0;0;0;0;0;1
L¹dek(2);0;0;0;0;0;0;0;0;1
Szamotu³y(3);0;0;0;0;0;0.469;0;0;0.531
NoweMiastonadWart¹(2);0;0;0;0.417;0;0.583;0;0;0
Dolsk(3);0;0;0;0;0;0;0;0;1
Dobra(3);0;0;0;0;0;0;0;0;1
Siedlec(2);0;0;0;0;0;0;0;0;1
Jastrowie(3);0;0;0;0;0;0;0;0;1
Tarnówka(2);0;0;0;0;0;0;0.412;0;0.588
Zakrzewo(2);0;0;0;0;0;0;0;0;1
Z³otów(2);0;0;0;0;0;0;0;0;1
Maszewo(3);0;0;0;0;0;0.437;0;0;0.563
Stepnica(3);0;0;0;0;0;0;0;0;1
Œwierzno(2);0;0;0;0;0;0;0;0;1
Goœcino(3);0;0;0;0;0;0;0;0;1
Manowo(2);0;0;0;0;0;0;0;0;1
Polanów(3);0;0;0;0;0;0.833;0;0;0.167
Dobra(Szczeciñska)(2);0;0;0;0;0;1;0;0;0
Pyrzyce(3);0;0;0;0;0;0.394;0;0;0.606
Malechowo(2);0;0;0;0;0;0;0;0;1
Dobrzany(3);0;0;0;0;0;0;0;0;1
Wa³cz(2);0;0;0;0;0;0;0;0;1
Wêgorzyno(3);0;0;0;0;0;0;0;0;1
Nowogrodziec(3);0;0;0;0;0;0;0;0;1
¯ukowice(2);0;0;0;0;0;0;0;0;1
Jemielno(2);0;1;0;0;0;0;0;0;0
Mœciwojów(2);0;0;0;0;0;0;0;0;1
Je¿ówSudecki(2);0;0;0;0;0;0;0;0;1
StaraKamienica(2);0;0;0;0;0;1;0;0;0
Marciszów(2);0;0;0;0;0;0;0;0;1
Kunice(2);0;0;0;0;0;0;0;0;1
Mi³kowice(2);0;0;0;0;0;0;0;0;1
Œcinawa(3);0;0;1;0;0;0;0;0;0
GryfówŒl¹ski(3);0;0;0;0;0;1;0;0;0
Oleœnica(2);0;0;0;0;0;1;0;0;0
O³awa(2);0;0;0;0;0;1;0;0;0
Chocianów(3);0;0;0;0;0;0;0;0;1
Wi¹zów(3);0;0;0;0;0;0;0;0;1
Kostom³oty(2);0;0;0;0;0;1;0;0;0
JaworzynaŒl¹ska(3);0;0;0;0;0;0;0;0;1
¯arów(3);0;0;0;0;0;0;0;0;1
Prusice(3);0;0;0;0;0;0;0;0;1
CzarnyBór(2);0;0;0;0;0;0;0;0;1
G³uszyca(3);0;0;0;0;0;0;0;0;1
StareBogaczowice(2);0;0;0;0;0;0;0;0;1
BrzegDolny(3);0;0;0;0;0;1;0;0;0
Czernica(2);0;0;0;0;0;1;0;0;0
Ciep³owody(2);0;0;0;0;0;0;0;0;1
Z¹bkowiceŒl¹skie(3);0;0;0;0;0;0;0;0;1
Wêgliniec(3);0;0;0;0;1;0;0;0;0
Wojcieszów(1);0;0;0;0;0;0;0;0;1
Zagrodno(2);0;0;0;0;0;0;0;0;1
AleksandrówKujawski(1);0;0;0;0;0;1;0;0;0
Bobrowo(2);0;0;0;0;0;0;0;1;0
D¹browaChe³miñska(2);0;0;0;0;0;0;0;0;1
NowaWieœWielka(2);0;0;0;0;0;1;0;0;0
Ciechocin(2);0;0;0;0;0;1;0;0;0
Radomin(2);0;0;0;0;0;0;0;0;1
Gniewkowo(3);0;0;0;0;0;0;1;0;0
Inowroc³aw(2);0;0;0;0;0;0;0;0;1
Janikowo(3);0;0;0;0;0;0;0;0;1
DobrzyñnadWis³¹(3);0;0;0;0;0;0;0;0;1
Kikó³(2);0;0;0;0;0;1;0;0;0
Sadki(2);0;0;0;0;0;0;0;0;1
Radziejów(2);0;0;0;0;0;0;0;0;1
Bukowiec(2);0;0;0;0;0;1;0;0;0
Dragacz(2);0;0;0;0;0;0;1;0;0
Pruszcz(2);0;0;0;0;0;0;1;0;0
Che³m¿a(1);0;0;0;0;0;1;0;0;0
Che³m¿a(2);0;0;0;0;0;0;0;0;1
Cekcyn(2);0;0;0;0;1;0;0;0;0
IzbicaKujawska(3);0;0;0;0;0;0;0;0;1
JanowiecWielkopolski(3);0;0;0;0;0;0;0;0;1
Rogowo(2);0;0;0;0;0;1;0;0;0
Terespol(1);0;0;0;0;0;1;0;0;0
LeœnaPodlaska(2);0;0;0;0;0;1;0;0;0
Rokitno(2);0;0;0;0;0;0;0;0;1
S³awatycze(2);0;0;0;0;0;0;0;0;1
Terespol(2);0;0;0;0;0;0;0;0;1
Wisznice(2);0;0;0;0;0;0;0;0;1
Bi³goraj(2);0;0;0;0;0;0;0;0;1
Frampol(3);0;0;0;0;0;0;0;0;1
Ksiê¿pol(2);0;0;0;0;0;0;0;0;1
Tarnogród(3);0;0;0;0;0;0;0;1;0
Tereszpol(2);0;0;0;0;0;0;0;0;1
Che³m(2);0;0;0;0;0;0;0;0;1
Dorohusk(2);0;0;0;0;0;0;0;0;1
Mircze(2);0;0;0;0;0;0;0;0;1
Werbkowice(2);0;0;0;0;0;0;0;0;1
Izbica(2);0;0;0;0;0;0;0;0;1
Krasnystaw(2);0;0;0;0;0;0;0;0;1
Kraœnik(1);0;0;0;0;0;0;0;0;1
Annopol(3);0;0;0;0;0;0;0;0;1
Wilko³az(2);0;0;0;0;0;1;0;0;0
Kock(3);0;0;0;0;0;0;0;0;1
NiedŸwiada(2);0;0;0;0;0;0;0;0;1
OstrówLubelski(3);0;0;0;0;0;0;0;0;1
Uœcimów(2);0;0;0;0;0;0;0;0;1
Wólka(2);0;0;0;0;0;0;1;0;0
Zakrzew(2);0;0;0;0;0;0;0;0;1
Milejów(2);0;0;0;0;0;0;0;0;1
Puchaczów(2);0;0;0;0;0;0;0;0;1
Stoczek£ukowski(1);0;0;0;0;0;0;0;0;1
£uków(2);0;0;0;0;0;0;0;0;1
Kurów(2);0;0;0;0;0;0;0;0;1
K¹kolewnica(2);0;0;0;0;0;0;0;0;1
KomarówkaPodlaska(2);0;0;0;0;0;0;0;0;1
RadzyñPodlaski(2);0;0;0;0;0;0;1;0;0
Dêblin(1);0;0;0;0;0;0;0;0;1
Trawniki(2);0;0;0;0;0;1;0;0;0
LubyczaKrólewska(3);0;0;0;0;0;1;0;0;0
StaryBrus(2);0;0;0;0;0;0;0;0;1
Grabowiec(2);0;0;0;0;0;0;0;0;1
Szczebrzeszyn(3);0;0;0;0;0;0;0;0;1
Deszczno(2);0;0;0;0;0;0;0;0;1
Lubiszyn(2);0;0;0;0;0;0;0;0;1
Santok(2);0;0;0;0;0;0;1;0;0
Bytnica(2);0;0;0;0;0;0;0;0;1
NowaSól(2);0;0;0;0;0;0;0;0;1
NoweMiasteczko(3);0;0;0;0;0;0;1;0;0
Krzeszyce(2);0;0;0;0;0;0;1;0;0
Bojad³a(2);0;0;0;0;0;0;0;0;1
Czerwieñsk(3);0;0;0;0;0;0;0;0;1
NowogródBobrzañski(3);0;0;0;0;0;0;0;0;1
¯agañ(1);0;0;0;0;0;1;0;0;0
¯agañ(2);0;0;0;0;0;0;0;0;1
£êknica(1);0;0;0;0;0;0;0;1;0
Szlichtyngowa(3);0;0;0;0;0;0;0;0;1
Kluki(2);0;0;0;0;0;1;0;0;0
Zelów(3);0;0;0;0;0;0;0;0;1
Kroœniewice(3);0;0;0;0;0;0;0;0;1
Strzelce(2);0;0;0;0;0;1;0;0;0
Wodzierady(2);0;0;0;0;0;1;0;0;0
£êczyca(1);0;0;0;0;0;0;0;0;1
Bielawy(2);0;0;0;0;0;0;0;0;1
Koluszki(3);0;0;0;0;0;0;0;0;1
Drzewica(3);0;0;0;0;0;1;0;0;0
Dobroñ(2);0;0;0;0;0;1;0;0;0
Ksawerów(2);0;0;0;0;0;0;0;0;1
NowaBrzeŸnica(2);0;0;0;0;0;0;0;0;1
Pajêczno(3);0;0;0;0;0;0;0;0;1
Siemkowice(2);0;0;0;0;0;0;0;0;1
Aleksandrów(2);0;0;0;0;0;0;0;0;1
WolaKrzysztoporska(2);0;0;0;0;0;1;0;0;0
Zadzim(2);0;0;0;0;0;1;0;0;0
Dobryszyce(2);0;0;0;0;0;0;0;0;1
Gidle(2);0;0;0;0;0;0;0;0;1
Gomunice(2);0;0;0;0;0;1;0;0;0
£adzice(2);0;0;0;0;0;0;1;0;0
Radomsko(2);0;0;0;0;0;0;0;0;1
B³aszki(3);0;0;0;0;0;0;0;0;1
BrzeŸnio(2);0;0;0;0;0;0;0;0;1
Klonowa(2);0;0;0;0;0;0;0;0;1
Bolimów(2);0;0;0;0;0;0;0;0;1
LipceReymontowskie(2);0;0;0;0;0;0;0;0;1
Skierniewice(2);0;0;0;0;0;0;0;0;1
Ujazd(2);1;0;0;0;0;0;0;0;0
Konopnica(2);0;0;0;0;0;0;0;0;1
Boles³awiec(2);0;0;0;0;0;0;0;0;1
Czastary(2);0;0;0;0;0;0;0;0;1
Galewice(2);0;0;0;0;0;0;0;0;1
Lututów(2);0;0;1;0;0;0;0;0;0
Sokolniki(2);0;0;0;0;0;0;0;0;1
Brzeziny(1);0;0;0;0;0;0;0;0;1
Dmosin(2);0;0;0;0;0;0;0;0;1
Skierniewice(1);0;0;0;0;0;0;0;0;1
Bochnia(2);0;0;0;0;0;1;0;0;0
NowyWiœnicz(3);0;0;0;0;0;1;0;0;0
Dêbno(2);0;0;0;0;0;1;0;0;0
Gnojnik(2);0;0;0;0;0;1;0;0;0
Libi¹¿(3);0;0;0;0;0;0;0;0;1
Olesno(2);0;0;0;0;0;0;0;0;1
Gorlice(2);0;0;0;0;0;0;0;0;1
Ropa(2);0;0;0;0;0;1;0;0;0
Kocmyrzów-Luborzyca(2);0;0;0;0;0;0;0;0;1
Liszki(2);0;0;0;0;0;1;0;0;0
S³omniki(3);0;0;0;0;0;0;0;0;1
Limanowa(2);0;0;0;0;0;0;0;0;1
Charsznica(2);0;0;0;0;0;1;0;0;0
Rac³awice(2);0;0;0;0;0;1;0;0;0
Lubieñ(2);0;0;0;0;0;0;0;0;1
Raciechowice(2);0;0;0;0;0;0;0;0;1
Siepraw(2);0;0;0;0;0;0;0;0;1
Wiœniowa(2);0;0;0;0;0;0;0;0;1
Grybów(1);0;0;0;0;0;0;0;0;1
Nawojowa(2);0;0;0;0;0;0;0;0;1
Spytkowice(2);0;0;0;0;0;1;0;0;0
Bukowno(1);0;0;0;0;0;0;0;0;1
Oœwiêcim(2);0;0;0;0;0;0;0;0;1
Koszyce(2);0;0;0;0;0;1;0;0;0
Proszowice(3);0;0;0;0;0;1;0;0;0
Jordanów(1);0;0;0;0;0;0;0;0;1
Jordanów(2);0;0;0;0;0;0;0;0;1
Gromnik(2);0;0;0;0;0;0;0;0;1
Rad³ów(3);0;0;0;0;0;1;0;0;0
Skrzyszów(2);0;0;0;0;0;1;0;0;0
Wierzchos³awice(2);0;0;0;0;0;0;0;0;1
Zakliczyn(3);0;1;0;0;0;0;0;0;0
¯abno(3);0;0;0;0;0;1;0;0;0
BrzeŸnica(2);0;0;0;0;0;1;0;0;0
Biskupice(2);0;0;0;0;0;1;0;0;0
Promna(2);0;0;0;0;0;0;0;0;1
StaraB³otnica(2);0;0;0;0;0;0;0;0;1
Garwolin(1);0;0;0;0;0;0;0;0;1
Garwolin(2);0;0;0;0;0;1;0;0;0
Maciejowice(2);0;0;0;0;0;0;0;0;1
Pilawa(3);0;0;0;0;0;1;0;0;0
Sobolew(2);0;0;0;0;0;1;0;0;0
PodkowaLeœna(1);0;0;0;0;0;0;0;1;0
GrabównadPilic¹(2);0;0;0;0;0;0;0;1;0
Jab³onna(2);0;0;0;0;0;0;0;0;1
Wieliszew(2);0;0;0;0;0;1;0;0;0
Ciepielów(2);0;0;0;0;0;0;0;0;1
SolecnadWis³¹(2);0;0;0;0;0;0;0;0;1
£osice(3);0;0;0;0;0;0;0;0;1
MakówMazowiecki(1);0;0;0;0;0;0;0;0;1
Czerwonka(2);0;0;0;0;0;0;0;0;1
Ró¿an(3);0;0;0;0;0;0;0;0;1
DêbeWielkie(2);0;0;0;0;0;0;0;0;1
Sulejówek(1);0;0;0;0;0;0;0;0;1
Strzegowo(2);0;0;0;0;0;1;0;0;0
WieczfniaKoœcielna(2);0;0;0;0;0;1;0;0;0
Czosnów(2);0;0;0;0;0;1;0;0;0
Czarnia(2);0;0;0;0;0;0;0;0;1
£yse(2);0;0;0;0;0;0;0;0;1
Olszewo-Borki(2);0;0;0;0;0;1;0;0;0
Rzekuñ(2);0;0;0;0;0;1;0;0;0
Nur(2);0;0;0;0;0;0;0;0;1
OstrówMazowiecka(2);0;0;0;0;0;0;0;0;1
Sobienie-Jeziory(2);0;0;0;0;0;1;0;0;0
Pra¿mów(2);0;0;0;0;0;0;0;0;1
Bodzanów(2);0;0;0;0;0;0;0;0;1
G¹bin(3);0;0;0;0;0;0;0;0;1
S³ubice(2);0;0;0;0;0;1;0;0;0
StaraBia³a(2);0;0;0;0;0;0;0;0;1
Dzierz¹¿nia(2);0;0;0;0;0;0;0;0;1
Sochocin(2);0;0;0;0;0;1;0;0;0
Za³uski(2);0;0;0;0;0;1;0;0;0
Rusinów(2);0;0;0;0;0;0;0;0;1
Pionki(1);0;0;0;0;0;0;0;0;1
I³¿a(3);0;0;0;0;0;0;0;0;1
Jastrzêbia(2);0;0;0;0;0;0;0;0;1
Jedlnia-Letnisko(2);0;0;0;0;0;1;0;0;0
Przytyk(2);0;0;0;0;0;0;0;0;1
Wolanów(2);0;0;0;0;0;1;0;0;0
Mokobody(2);0;0;0;0;0;0;0;0;1
Zbuczyn(2);0;0;0;0;0;0;0;0;1
Gozdowo(2);0;0;0;0;0;0;0;0;1
Sochaczew(1);0;0;0;0;0;1;0;0;0
Rybno(2);0;0;0;0;0;0;0;0;1
Bielany(2);0;0;0;0;0;0;0;0;1
Jab³onnaLacka(2);0;0;0;0;0;0;0;0;1
Liw(2);0;0;0;0;0;0;0;0;1
£ochów(3);0;0;0;0;0;1;0;0;0
Jadów(2);0;0;0;0;0;0;0;0;1
Poœwiêtne(2);0;0;0;0;0;1;0;0;0
T³uszcz(3);0;0;0;0;0;1;0;0;0
Brañszczyk(2);0;0;0;0;0;1;0;0;0
Zabrodzie(2);0;0;0;0;0;0;1;0;0
Bie¿uñ(3);0;0;0;0;0;0;0;0;1
Lubowidz(2);0;0;0;0;0;0;0;0;1
Lubsza(2);0;0;0;0;0;0;0;0;1
Branice(2);0;0;0;0;0;0;0;0;1
PolskaCerekiew(2);0;0;0;0;0;0;0;0;1
ReñskaWieœ(2);0;0;0;0;0;1;0;0;0
Wo³czyn(3);0;0;0;0;0;0;0;0;1
Strzeleczki(2);0;0;0;0;0;1;0;0;0
Wilków(2);0;0;0;0;0;0;0;0;1
Kamiennik(2);0;0;0;0;0;0;0;0;1
Pakos³awice(2);0;0;0;0;0;1;0;0;0
Zêbowice(2);0;0;0;0;0;0;0;0;1
Murów(2);0;0;0;0;0;0;0;0;1
Niemodlin(3);0;0;0;0;0;0;1;0;0
Popielów(2);0;0;0;0;0;0;0;0;1
TarnówOpolski(2);0;0;0;0;0;0;0;0;1
Bia³a(3);0;0;1;0;0;0;0;0;0
StrzelceOpolskie(3);0;0;0;0;0;1;0;0;0
Zawadzkie(3);0;0;0;0;0;0;0;0;1
Dydnia(2);0;0;0;0;0;0;0;0;1
Radymno(1);0;0;0;0;0;1;0;0;0
Ch³opice(2);0;0;0;0;0;0;0;0;1
Rokietnica(2);0;0;0;0;0;1;0;0;0
RoŸwienica(2);0;0;0;0;0;0;0;0;1
Dêbowiec(2);0;0;0;0;0;0;0;0;1
Ko³aczyce(3);0;0;0;0;0;1;0;0;0
Sko³yszyn(2);0;0;0;0;0;0;0;0;1
Cmolas(2);0;0;0;0;0;0;0;0;1
MajdanKrólewski(2);0;0;0;0;0;1;0;0;0
Chorkówka(2);0;0;0;0;0;0;0;0;1
MiejscePiastowe(2);0;0;0;0;0;0;0;0;1
Wojaszówka(2);0;0;0;0;0;0;0;0;1
Le¿ajsk(2);0;0;0;0;0;0;0;0;1
Lubaczów(1);0;0;0;0;0;1;0;0;0
Czermin(2);0;0;0;0;0;0;0;0;1
Gaw³uszowice(2);0;0;0;0;0;0;0;0;1
Mielec(2);0;0;0;0;0;1;0;0;0
RadomyœlWielki(3);0;0;0;0;0;0;0;0;1
RudniknadSanem(3);0;0;0;0;0;0;0;0;1
Ulanów(3);0;0;0;0;0;1;0;0;0
Bircza(2);0;0;0;0;0;1;0;0;0
Dubiecko(2);0;0;0;0;0;1;0;0;0
Krzywcza(2);0;0;0;0;0;0;0;0;1
Medyka(2);0;0;0;0;0;0;0;0;1
Przemyœl(2);0;0;0;0;0;0;0;0;1
¯urawica(2);0;0;0;0;0;1;0;0;0
Adamówka(2);0;0;0;0;0;0;0;0;1
JawornikPolski(2);0;0;0;0;0;0;0;0;1
Sieniawa(3);0;0;0;0;0;1;0;0;0
Zarzecze(2);0;0;0;0;0;0;0;0;1
Chmielnik(2);0;0;0;0;0;0;0;0;1
Dynów(2);0;0;0;0;1;0;0;0;0
Hy¿ne(2);0;0;0;0;0;0;0;0;1
Soko³ówMa³opolski(3);0;0;0;0;0;0;0;0;1
Tyczyn(3);0;0;0;0;0;0;0;0;1
Besko(2);0;0;0;0;0;1;0;0;0
Bukowsko(2);0;0;0;0;0;0;0;0;1
Gorzyce(2);0;0;0;0;0;0;0;1;0
Augustów(2);0;0;0;0;0;0;0;0;1
DobrzyniewoDu¿e(2);0;0;0;0;0;0;0;0;1
£apy(3);0;0;0;0;0;0;0;0;1
Grajewo(1);0;0;0;0;0;0;0;0;1
Grajewo(2);0;0;0;0;0;0;0;0;1
Szczuczyn(3);0;0;0;0;0;0;0;0;1
Hajnówka(2);0;0;0;0;0;0;0;0;1
Kolno(1);0;0;0;0;0;1;0;0;0
Kolno(2);0;0;0;0;0;0;0;1;0
Turoœl(2);0;0;0;0;0;0;0;0;1
Miastkowo(2);0;0;0;0;0;0;0;0;1
Œniadowo(2);0;0;0;0;0;0;0;0;1
Jaœwi³y(2);0;0;0;0;0;0;0;0;1
Krypno(2);0;0;0;0;0;0;0;0;1
Siemiatycze(2);0;0;0;0;0;0;0;0;1
D¹browaBia³ostocka(3);0;0;0;0;0;0;0;0;1
Krynki(3);0;0;0;0;0;0;0;0;1
Baka³arzewo(2);0;0;0;0;0;0;0;0;1
Filipów(2);0;0;0;0;0;0;0;0;1
Raczki(2);0;0;0;0;0;0;0;0;1
Wi¿ajny(2);0;0;0;0;0;0;0;0;1
WysokieMazowieckie(1);0;0;0;0;0;1;0;0;0
Szepietowo(3);0;0;0;0;0;0;0;0;1
Lipnica(2);0;0;0;0;0;0;0;0;1
Trzebielino(2);0;0;0;0;0;0;0;0;1
Tuchomie(2);0;0;0;0;0;0;0;0;1
Konarzyny(2);0;0;0;0;0;0;0;0;1
Czarne(3);0;0;0;0;0;0;0;0;1
Debrzno(3);0;0;0;0;0;0;0;0;1
Przodkowo(2);0;0;0;0;0;0;0;0;1
Gardeja(2);0;0;0;0;0;0;0;1;0
Kwidzyn(2);0;0;0;0;0;0;0;0;1
Prabuty(3);0;0;0;0;0;0;0;0;1
NowaWieœLêborska(2);0;0;0;0;0;0;0;0;1
StarePole(2);0;0;0;0;0;0;0;0;1
Damnica(2);0;0;0;0;0;0;0;0;1
CzarnaWoda(3);0;0;0;0;0;0;0;0;1
StarogardGdañski(1);0;0;0;0;0;1;0;0;0
Dzierzgoñ(3);0;0;0;0;0;0;0;0;1
StaryDzierzgoñ(2);0;0;0;0;0;0;0;0;1
StaryTarg(2);0;0;0;0;0;0;0;0;1
Sztum(3);0;0;0;0;0;0;0;0;1
Psary(2);0;0;0;0;0;0;0;0;1
Buczkowice(2);0;0;0;0;0;0;0;1;0
Por¹bka(2);0;0;0;0;0;0;0;0;1
Wilamowice(3);0;0;0;0;0;0;0;0;1
Chybie(2);0;0;0;0;0;0;0;0;1
Dêbowiec(2);0;0;0;0;0;0;0;0;1
Skoczów(3);0;0;0;0;0;0;0;0;1
Blachownia(3);1;0;0;0;0;0;0;0;0
K³omnice(2);0;0;0;0;0;0;0;0;1
Kruszyna(2);0;0;0;0;0;0;0;0;1
Poczesna(2);0;0;0;0;0;1;0;0;0
Przyrów(2);0;0;0;0;0;0;0;0;1
Soœnicowice(3);0;0;0;0;0;1;0;0;0
K³obuck(3);0;0;0;0;0;0;0;0;1
Opatów(2);0;0;0;0;0;0;0;0;1
Przystajñ(2);0;0;0;0;0;0;0;0;1
WrêczycaWielka(2);0;0;0;0;0;0;0;0;1
£aziskaGórne(1);0;0;0;0;0;1;0;0;0
Orzesze(1);0;0;0;0;0;1;0;0;0
Myszków(1);0;0;0;0;0;1;0;0;0
Krzanowice(3);0;0;0;0;0;0;0;0;1
Krzy¿anowice(2);0;0;0;0;0;1;0;0;0
Nêdza(2);0;0;0;0;0;0;0;0;1
Kalety(1);0;0;0;0;0;0;0;0;1
KrupskiM³yn(2);0;0;0;0;0;1;0;0;0
Lêdziny(1);0;0;0;0;0;1;0;0;0
Gorzyce(2);0;0;0;0;0;0;0;0;1
Mszana(2);0;0;0;0;0;0;1;0;0
Irz¹dze(2);0;0;0;0;0;0;0;0;1
Koszarawa(2);0;0;0;0;0;0;0;0;1
Jêdrzejów(3);0;0;0;0;0;0;0;0;1
Oksa(2);0;0;0;0;0;0;0;0;1
Wodzis³aw(2);0;0;0;0;0;0;0;0;1
KazimierzaWielka(3);0;0;0;0;0;1;0;0;0
Chmielnik(3);0;0;0;0;0;1;0;0;0
£agów(2);0;0;0;0;0;0;0;0;1
Mniów(2);0;0;0;0;0;1;0;0;0
Morawica(3);0;0;0;0;0;1;0;0;0
Fa³ków(2);0;0;0;0;0;0;0;0;1
Gowarczów(2);0;0;0;0;0;1;0;0;0
St¹porków(3);0;0;0;0;0;0;0;0;1
Sadowie(2);0;0;0;0;0;1;0;0;0
Æmielów(3);0;0;0;0;0;0;0;0;1
Kunów(3);0;0;0;0;0;1;0;0;0
Dzia³oszyce(3);0;0;0;0;0;0;0;0;1
Micha³ów(2);0;0;0;0;0;1;0;0;0
Dwikozy(2);0;0;0;0;0;1;0;0;0
Obrazów(2);0;0;0;0;0;0;0;0;1
Paw³ów(2);0;0;0;0;0;0;0;0;1
Osiek(3);0;0;0;0;0;1;0;0;0
Rytwiany(2);0;0;0;0;0;1;0;0;0
Krasocin(2);0;0;0;0;0;0;0;0;1
Moskorzew(2);0;0;0;0;0;0;1;0;0
Bartoszyce(1);0;0;0;0;0;1;0;0;0
Bisztynek(3);0;0;0;0;0;0;0;1;0
Lelkowo(2);0;0;0;0;0;0;0;0;1
Dzia³dowo(2);0;0;0;0;0;0;0;0;1
Godkowo(2);0;0;0;0;0;1;0;0;0
Wydminy(2);0;0;0;0;0;0;0;0;1
Kêtrzyn(2);0;0;0;0;0;0;0;0;1
Kiwity(2);0;0;0;0;0;0;0;0;1
Janowo(2);0;0;0;0;0;0;0;0;1
KowaleOleckie(2);0;0;0;1;0;0;0;0;0
Jeziorany(3);0;0;0;0;0;0;0;0;1
Jonkowo(2);0;0;0;0;0;0;0;0;1
Grunwald(2);0;0;0;0;0;0;0;1;0
Rozogi(2);0;0;0;0;0;0;0;0;1
Dubeninki(2);0;0;0;0;0;0;0;0;1
Czarnków(1);0;0;0;0;0;1;0;0;0
Wieleñ(3);0;0;0;0;0;0;0;0;1
Mieleszyn(2);0;0;0;0;1;0;0;0;0
Krobia(3);0;0;0;0;0;0;0;0;1
Pêpowo(2);0;0;0;0;0;0;0;0;1
Poniec(3);0;0;0;0;0;0;0;0;1
Granowo(2);0;0;0;1;0;0;0;0;0
Kamieniec(2);0;0;0;0;0;0;0;0;1
Rakoniewice(3);0;0;0;0;0;0;0;0;1
Wielichowo(3);0;0;0;0;0;1;0;0;0
Blizanów(2);0;0;0;0;0;1;0;0;0
Bralin(2);0;0;0;0;0;0;1;0;0
£êkaOpatowska(2);0;0;0;0;0;0;0;0;1
Perzów(2);0;0;0;0;0;0;0;0;1
D¹bie(3);0;0;0;0;0;0;0;0;1
Ko³o(2);0;0;0;0;0;1;0;0;0
Rzgów(2);0;0;0;0;0;1;0;0;0
Czempiñ(3);0;0;0;0;0;0;0;1;0
Œmigiel(3);0;0;0;0;0;0;0;0;1
Zduny(3);0;0;0;0;0;1;0;0;0
Lwówek(3);0;0;0;0;0;0;0;0;1
OstrówWielkopolski(2);0;0;0;0;0;1;0;0;0
Bia³oœliwie(2);0;0;0;0;0;0;0;0;1
Buk(3);0;0;0;0;0;0;0;0;1
Rokietnica(2);0;0;0;0;1;0;0;0;0
S³upca(1);0;0;0;0;0;0;0;0;1
S³upca(2);0;0;0;0;0;0;0;0;1
Zagórów(3);0;0;0;0;0;0;0;0;1
Obrzycko(1);0;0;0;0;0;0;0;0;1
Duszniki(2);0;0;0;0;0;1;0;0;0
Brodnica(2);0;0;0;0;0;0;0;0;1
W¹growiec(2);0;0;0;0;0;0;0;0;1
Lipka(2);0;0;0;0;0;0;0;0;1
Bia³ogard(1);0;0;0;0;0;0;0;0;1
Bia³ogard(2);0;0;0;0;0;0;1;0;0
Karlino(3);0;0;0;0;0;0;0;0;1
Pe³czyce(3);0;0;0;0;0;0;0;0;1
Wierzchowo(2);0;0;0;0;0;0;0;0;1
Osina(2);0;0;0;0;0;1;0;0;0
Przybiernów(2);0;0;0;0;0;0;0;0;1
Karnice(2);0;0;0;0;0;0;0;0;1
Mieszkowice(3);0;0;0;0;0;0;0;0;1
Widuchowa(2);0;0;0;0;0;0;0;0;1
Dygowo(2);0;0;0;0;0;0;0;0;1
Rymañ(2);0;0;0;0;0;1;0;0;0
Bobolice(3);0;0;0;0;0;0;0;0;1
Œwieszyno(2);0;0;0;0;0;1;0;0;0
Boleszkowice(2);0;0;0;0;0;0;0;1;0
Przelewice(2);0;0;0;0;0;0;0;0;1
Warnice(2);0;0;0;0;0;0;0;1;0
S³awno(1);0;0;0;0;0;1;0;0;0
Chociwel(3);0;0;0;0;0;0;0;0;1
Dolice(2);0;0;0;0;0;0;0;0;1
Marianowo(2);0;0;0;0;0;0;0;0;1
Barwice(3);0;0;0;0;0;0;0;0;1
BorneSulinowo(3);0;0;0;0;0;0;0;0;1
Szczecinek(2);0;0;0;0;0;0;0;0;1
Brze¿no(2);0;0;0;0;0;0;0;0;1
Œwidwin(2);0;0;0;0;0;0;0;0;1
Resko(3);0;0;0;0;1;0;0;0;0
Osiecznica(2);0;0;0;0;0;0;0;0;1
Bielawa(1);0;0;0;0;0;0.949;0;0;0.051
Dzier¿oniów(1);0;0;0;0;0;0.873;0;0;0.127
Pieszyce(3);0;0;0;0;0;0;0;0;1
G³ogów(1);0;0;0;0;0;0.287;0;0;0.713
KamiennaGóra(1);0;0;0;0;0;1;0;0;0
K³odzko(1);0;0;0;0;0;0.884;0;0;0.116
K³odzko(2);0;0;0;0;0;0.639;0;0;0.361
Chojnów(2);0;0;0;0;0;0;0;0;1
LegnickiePole(2);0;0;0;0.41;0;0;0.214;0;0.376
Lubomierz(3);0;0;0;0;0;0;0;0;1
Mirsk(3);0;0.231;0;0;0;0;0;0;0.769
Wleñ(3);0;0;0;0;0;0;0;0;1
Kroœnice(2);0;0;0;0;0;0;0;0.111;0.889
Oleœnica(1);0;0;0;0;0;1;0;0;0
Jelcz-Laskowice(3);0;0;0;0.246;0;0.638;0;0;0.115
Polkowice(3);0;0;0;0;0;0.67;0;0;0.33
ŒrodaŒl¹ska(3);0;0;0;0;0;0.79;0;0;0.21
Œwiebodzice(1);0;0;0;0;0;0.279;0;0.423;0.298
Œwidnica(2);0;0;0.568;0;0;0.139;0;0;0.293
D³ugo³êka(2);0;0;0;0;0;0.4;0;0;0.6
K¹tyWroc³awskie(3);0;0;0;0;0;0;0;0;1
Stoszowice(2);0.201;0;0;0;0;0.302;0;0;0.497
Z³otyStok(3);0;0;0;0;0;0;0;0.144;0.856
Bogatynia(3);0;0;0;0;0;0.647;0;0;0.353
AleksandrówKujawski(2);0;0;0;0;0;0.582;0;0;0.418
Brodnica(1);0;0;0;0;0;0.707;0;0;0.293
Brodnica(2);0;0;0;0;0;0;0;0;1
Brzozie(2);0;0;0;0;0;1;0;0;0
Górzno(3);0;0;0;0;0.342;0.329;0;0;0.329
Bia³eB³ota(2);0;0;0;0;0;0.887;0.113;0;0
Sicienko(2);0;0;0.146;0;0;0.268;0.585;0;0
Golub-Dobrzyñ(1);0.566;0;0;0;0;0.265;0;0;0.169
Grudzi¹dz(2);0;0;0;0;0.395;0.17;0;0;0.435
JezioraWielkie(2);0;0;0;0;0;0;0;0;1
Mogilno(3);0;0;0;0;0;0.102;0;0;0.898
Nak³onadNoteci¹(3);0;0;0;0;0;0;0;0;1
KamieñKrajeñski(3);0;0;0.248;0;0;0.18;0;0;0.571
Nowe(3);0;0;0;0;0;0.505;0;0;0.495
Œwiecie(3);0;0;0;0;0;0.452;0;0;0.548
Warlubie(2);0;0;0;0;0;0.714;0;0;0.286
WielkaNieszawka(2);0;0;0;0;0;1;0;0;0
Z³awieœWielka(2);0;0;0;0;0;0;0;0;1
Gostycyn(2);0;0;0;0;0;0;0;0;1
Tuchola(3);0;0;0;0;0;0.791;0;0;0.209
W¹brzeŸno(1);0;0;0;0;0;0;0;0;1
Ryñsk(2);0;0;0;0;0.791;0;0;0;0.209
MiêdzyrzecPodlaski(1);0;0;0;0;0;0.341;0;0;0.659
Zalesie(2);0;0;0;0;0;0.393;0;0;0.607
Bi³goraj(1);0;0;0;0;0;0.47;0.307;0;0.223
Józefów(3);0;0;0.192;0;0;0;0;0.167;0.641
Dubienka(2);0;0;0;0;0;0;0;0;1
Hrubieszów(1);0;0;0;0;0;0.66;0;0;0.34
Lubartów(1);0;0;0;0;0;0;0;0;1
Lubartów(2);0;0;0;0;0;0.722;0;0;0.278
G³usk(2);0;0;0;0;0;0.448;0;0;0.552
Konopnica(2);0;0;0;0;0;0.725;0;0;0.275
NiedrzwicaDu¿a(2);0;0;0;0;0;0.907;0;0;0.093
Niemce(2);0;0;0;0;0;0;0.357;0;0.643
Ludwin(2);0;0;0;0;0;0;0;0.319;0.681
Spiczyn(2);0;0;0;0;0;0;0;0;1
Poniatowa(3);0;0;0;0;0;0.908;0;0;0.092
Sosnowica(2);0;0;0;0;0;0;0;0.127;0.873
Koñskowola(2);0;0;0;0;0;0;0;0;1
TomaszówLubelski(1);0;0;0;0;0;0.336;0;0;0.664
TomaszówLubelski(2);0;0;0;0;0;0.885;0;0.115;0
WolaUhruska(2);0;0;0;0;0;0;0;0;1
Zamoœæ(2);0;0;0;0;0;0.77;0;0;0.23
KostrzynnadOdr¹(1);0;0;0;0;0;0.756;0;0;0.244
K³odawa(2);0;0;0;0;0;0;0;0;1
Gubin(1);0;0;0;0;0;0.264;0;0;0.736
Bobrowice(2);0;0;0;0;0;0;0;0.242;0.758
Gubin(2);0;0;0;0;0;0;0;0;1
Bledzew(2);0;0;0;0;0;0;0;0;1
Przytoczna(2);0;0;0;0;0;0;0;0;1
Skwierzyna(3);0;0;0;0;0;0.256;0;0;0.744
NowaSól(1);0;0;0;0;0;0.653;0;0;0.347
Górzyca(2);0;0;0;0;0;0;0;0;1
S³oñsk(2);0;0;0;0;0;0;0;0.683;0.317
Sulêcin(3);0;0;0;0;0;0;0;0;1
Kargowa(3);0;0;0;0;0;0;0;0;1
Sulechów(3);0;0;0;0;0;0.576;0.355;0;0.069
¯ary(1);0;0;0;0;0;0.712;0;0;0.288
Be³chatów(1);0;0;0;0;0;0.708;0;0;0.292
Kutno(2);0;0;0;0;0;0.742;0;0;0.258
£owicz(1);0.286;0;0;0;0;0.467;0;0;0.248
Nieborów(2);0;0;0;0;0;0;0;0;1
Andrespol(2);0;0;0;0;0;0.143;0;0;0.857
Opoczno(3);0;0;0;0;0;0.663;0.337;0;0
Konstantynów£ódzki(1);0;0;0;0;0;0.2;0.258;0;0.542
RawaMazowiecka(1);0;0;0;0;0;0;0.152;0;0.848
Sieradz(1);0;0;0;0;0;0.503;0;0;0.497
Wierzchlas(2);0;0;0;0;0;0;0;0;1
Wieruszów(3);0;0;0;0;0;0;0.444;0;0.556
ZduñskaWola(2);0;0;0;0;0;0.542;0;0;0.458
Aleksandrów£ódzki(3);0;0;0;0;0;0.566;0;0;0.434
Brzeziny(2);0.157;0;0;0;0;0.321;0;0;0.522
¯egocina(2);0;0;0;0;0;0;0;0;1
Czchów(3);0;0;0;0;0;0;0;0.267;0.733
Trzebinia(3);0;0;0;0;0;0.173;0.107;0;0.72
D¹browaTarnowska(3);0;0;0;0;0;0.49;0;0;0.51
Biecz(3);0;0;0;0;0;0.831;0;0;0.169
Sêkowa(2);0;0;0;0;0;0.28;0;0;0.72
Jerzmanowice-Przeginia(2);0;0;0;0;0;0.737;0;0;0.263
Krzeszowice(3);0;0;0;0;0;0.155;0;0.135;0.71
Ska³a(3);0.267;0;0;0;0;0;0;0;0.733
Zielonki(2);0;0;0;0;0;0;0;0;1
Kamienica(2);0;0;0;0;0;0;0;0;1
Tymbark(2);0;0;0;0;0;0;0;0;1
Pcim(2);0;0.439;0;0;0;0.281;0;0;0.281
Su³kowice(3);0;0;0;0;0;1;0;0;0
£¹cko(2);0;0;0;0;0;0;0;0;1
Jab³onka(2);0;0;0;0;0;0.161;0;0;0.839
Olkusz(3);0;0;0;0;0;0.338;0;0;0.662
Wolbrom(3);0;0;0;0;0;0.299;0;0;0.701
Kêty(3);0;0;0;0;0;1;0;0;0
Zator(3);0;0;0;0;0;0;0;0;1
NoweBrzesko(3);0;0;0;0;0;0.824;0;0;0.176
SuchaBeskidzka(1);0;0;0;0;0;0.562;0;0.123;0.315
Ciê¿kowice(3);0;0;0;0;0;0;0;0;1
LisiaGóra(2);0;0;0;0.253;0;0.747;0;0;0
Tuchów(3);0;0;0;0;0;0;0;0;1
Lanckorona(2);0;0;0;0;0;0.419;0;0;0.581
Wadowice(3);0;0;0;0;0.161;0.645;0;0;0.194
Gdów(2);0;0;0;0;0;1;0;0;0
K³aj(2);0;0;0;0;0;1;0;0;0
Bia³obrzegi(3);0;0;0;0;0;0.263;0.395;0;0.342
Glinojeck(3);0;0;0;0;0;1;0;0;0
Trojanów(2);0;0;0;0;0;0.102;0.235;0;0.663
¯abiaWola(2);0;0;0;0;0;0.464;0;0;0.536
Grójec(3);0;0;0;0;0;0.619;0;0;0.381
NoweMiastonadPilic¹(3);0;0;0;0;0;0.514;0;0;0.486
MiñskMazowiecki(1);0;0;0;0;0;0.843;0;0;0.157
Siennica(2);0;0;0;0;0;0.507;0;0;0.493
Pomiechówek(2);0;0;0;0;0;0.224;0;0;0.776
Myszyniec(3);0;0;0;0;0;0;0;0;1
Brok(3);0;0;0;0;0;0;0;0;1
Józefów(1);0;0;0;0;0;0.818;0;0;0.182
GóraKalwaria(3);0;0;0;0;0;0.898;0;0;0.102
Lesznowola(2);0;0;0;0;0;0.318;0;0;0.682
NowyDuninów(2);0;0;0;0;0;0;0;0;1
P³oñsk(2);0;0;0;0;0;1;0;0;0
Pruszków(1);0;0;0;0;0;1;0;0;0
Micha³owice(2);0;0;0;0;0;0.903;0;0;0.097
Przasnysz(2);0;0;0;0;0;0;0;0;1
Przysucha(3);0;0;0;0;0;0.064;0.068;0;0.868
Pu³tusk(3);0;0;0;0;0;1;0;0;0
Jedliñsk(2);0;0;0;0;0.275;0.516;0;0;0.209
Teresin(2);0;0;0;0;0;1;0;0;0
Szyd³owiec(3);0;0;0;0;0;0.787;0;0;0.213
B³onie(3);0;0;0;0;0;0;0;0;1
£omianki(3);0;0;0;0;0;0;0.75;0;0.25
StareBabice(2);0;0;0;0;0;1;0;0;0
Koby³ka(1);0;0;0;0;0;0.47;0;0;0.53
Marki(1);0;0;0;0;0;0.706;0.294;0;0
Zielonka(1);0;0;0;0;0;0.829;0.171;0;0
Wyszków(3);0;0;0;0;0;0.114;0;0;0.886
¯yrardów(1);0;0;0;0;0;0.17;0;0;0.83
Ostro³êka(1);0;0;0;0;0;0.624;0;0;0.376
G³ubczyce(3);0;0;0;0.211;0;0.338;0;0;0.451
Byczyna(3);0;0;0;0;0;0.441;0;0;0.559
Chrz¹stowice(2);0;0;0;0;0;0.346;0;0;0.654
Prószków(3);0;0;0;0;0;0.877;0;0;0.123
G³ogówek(3);0;0;0;0;0;0;0;0;1
Prudnik(3);0;0;0;0;0;0.43;0;0;0.57
Czarna(2);0;0;0;0;0;0.207;0;0;0.793
Dêbica(2);0;0;0;0;0;0;0;0;1
Pilzno(3);0;0;0;0;0;0.757;0;0;0.243
¯yraków(2);0;0;0;0;0;0.474;0;0;0.526
Pruchnik(3);0;0;0;0;0;0;0;0;1
Wi¹zownica(2);0;0;0;0;0;0;0;0;1
Krempna(2);0;0;0;0;0;0;0;0;1
Jedlicze(3);0;0;0;0;0;0.867;0;0;0.133
Korczyna(2);0;0;0;0;0;0.436;0;0;0.564
Le¿ajsk(1);0;0;0;0;0;0.237;0;0;0.763
Kury³ówka(2);0;0;0;0;0.789;0;0;0;0.211
NowaSarzyna(3);0;0;0;0;0;0.675;0;0;0.325
Cieszanów(3);0;0.164;0;0;0;0;0;0;0.836
£añcut(2);0;0;0;0;0;0.697;0;0;0.303
Krasiczyn(2);0;0;0;0;0;0.868;0;0;0.132
Przeworsk(1);0;0;0;0;0;0.404;0;0;0.596
Iwierzyce(2);0;0;0;0;0;0.712;0;0;0.288
Ostrów(2);0;0;0;0;0;0.15;0;0;0.85
Boguchwa³a(3);0;0;0;0;0;1;0;0;0
Zagórz(3);0.256;0;0;0;0;0.544;0;0;0.2
Czudec(2);0;0;0;0;0;0;0;0;1
NowaDêba(3);0;0;0;0;0;0.846;0;0.154;0
Olszanica(2);0;0;0;0;0;0;0;0;1
Choroszcz(3);0;0;0;0;0;0.518;0;0;0.482
Wasilków(3);0;0;0;0;0;0;0;0;1
BielskPodlaski(1);0.128;0;0;0;0;0.672;0;0;0.2
Hajnówka(1);0;0;0;0;0;0.395;0;0;0.605
Narew(2);0;0;0;0;0;0;0;0;1
Narewka(2);0;0;0;0;0;0;0;0;1
Wizna(2);0;0;0;0;0;0;0;0;1
Goni¹dz(3);0;0;0.204;0;0.204;0;0;0;0.592
Krasnopol(2);0;0;0;0;0;0;0;0;1
Sejny(2);0;0;0;0;0;0;0;0;1
Siemiatycze(1);0;0;0;0;0;0.427;0;0.173;0.4
Drohiczyn(3);0;0;0;0;0;0.479;0;0;0.521
Sokó³ka(3);0;0;0;0;0;0;0;0;1
Suchowola(3);0;0;0;0;0;0;0;0.359;0.641
Szypliszki(2);0;0;0;0;0;0;0;0;1
Zambrów(1);0;0;0;0;0;0;0;0;1
CzarnaD¹brówka(2);0;0;0;0;0;0;0;0;1
Miastko(3);0;0;0;0;0;0;0;0;1
Parchowo(2);0;0;0;0;0;0;0;0;1
Studzienice(2);0;0;0;0;0;0;0;0;1
PruszczGdañski(1);0;0;0;0;0;0.682;0;0;0.318
Pszczó³ki(2);0;0;0;0;0;0.744;0;0;0.256
¯ukowo(3);0;0;0;0;0;0;0;0;1
Dziemiany(2);0;0;0;0;0.345;0.172;0;0;0.483
StaraKiszewa(2);0;0;0;0;0;0.258;0;0;0.742
G³ówczyce(2);0;0;0;0;0;0;0;0;1
Kobylnica(2);0;0;0;0;0;0;0;0;1
Smo³dzino(2);0;0;0;0;0;0;0;0;1
Osiek(2);0;0;0;0;0;0;0;0;1
Skarszewy(3);0;0;0;0;0;0;0;0;1
StarogardGdañski(2);0;0;0;0;0;0;0;0;1
Tczew(1);0;0;0;0;0;0.53;0;0;0.47
Pelplin(3);0;0;0;0;0;0.575;0;0;0.425
Tczew(2);0;0;0;0;0;0;0;0;1
Reda(1);0;0;0;0;0;0.756;0;0;0.244
Gniewino(2);0;0;0;0;0;0.804;0;0;0.196
Wejherowo(2);0;0;0;0;0;0.553;0;0.068;0.379
Bêdzin(1);0;0;0;0;0;0.735;0;0;0.265
CzeladŸ(1);0;0;0;0;0;1;0;0;0
Mierzêcice(2);0;0;0;0;0;0.702;0;0.101;0.197
Jaworze(2);0;0;0;0;0;0.722;0;0;0.278
Wilkowice(2);0;0.688;0;0;0;0;0;0;0.312
Janów(2);0;0;0;0;0;0.457;0;0;0.543
Rudziniec(2);0;0;0;0;0;0.62;0;0;0.38
Popów(2);0;0;0;0;0;0;0;0;1
Lubliniec(1);0;0;0;0;0;0.644;0;0;0.356
Kochanowice(2);0;0;0;0;0;0.475;0;0;0.525
Miko³ów(1);0;0;0;0;0;0.741;0.259;0;0
Niegowa(2);0;0;0;0;0;0.632;0;0;0.368
¯arki(3);0;0;0;0;0;0;0;0;1
Gocza³kowice-Zdrój(2);0;0;0;0;0;0.227;0;0;0.773
Wodzis³awŒl¹ski(1);0;0;0;0;0;0.61;0;0;0.39
Ogrodzieniec(3);0;0;0;0;0;0.927;0;0;0.073
Pilica(3);0;0;0;0;0;0;0;0;1
Gilowice(2);0;0;0;0;0;0;0;0;1
Œwinna(2);0;0;0;0;0;0.649;0;0;0.351
Jastrzêbie-Zdrój(1);0;0;0;0;0;0.588;0;0;0.412
SiemianowiceŒl¹skie(1);0;0;0;0;0;0.782;0;0;0.218
Stopnica(3);0;0;0;0.174;0;0.826;0;0;0
Ma³ogoszcz(3);0;0;0;0;0;0.125;0;0;0.875
Nag³owice(2);0;0;0;0;0;0;0.381;0;0.619
Bieliny(2);0;0;0;0;0;0;0;0.341;0.659
Chêciny(3);0;0;0;0;0;0.18;0;0;0.82
Daleszyce(3);0;0;0;0;0;0.142;0;0;0.858
Górno(2);0;0;0;0;0;0.747;0.136;0.118;0
£opuszno(2);0;0;0;0;0;0.36;0;0;0.64
Piekoszów(2);0;0;0;0;0;1;0;0;0
Sitkówka-Nowiny(2);0;0;0;0;0;0.337;0;0.125;0.538
Zagnañsk(2);0;0;0;0;0;0.159;0;0;0.841
Opatów(3);0;0;0;0;0;0.423;0;0.218;0.359
Piñczów(3);0;0;0;0;0;0.281;0;0;0.719
Skar¿ysko-Kamienna(1);0;0;0;0;0;0.637;0;0;0.363
Staszów(3);0;0;0;0;0;0.474;0;0;0.526
W³oszczowa(3);0;0;0;0;0;0.481;0;0;0.519
Bartoszyce(2);0;0;0;0;0;0;0;0.838;0.162
Braniewo(1);0;0;0;0;0;0.544;0;0;0.456
Frombork(3);0;0;0;0;0;0.564;0;0;0.436
Dzia³dowo(1);0;0;0;0;0;1;0;0;0
Rybno(2);0;0;0;0;0;0;0;0;1
Tolkmicko(3);0;0;0;0;0;0.927;0;0;0.073
E³k(2);0;0;0;0;0;0;0;0;1
StareJuchy(2);0;0;0;0;0;0;0;0;1
Mi³ki(2);0;0;0;0.559;0;0;0.095;0.201;0.145
Zalewo(3);0;0;0;0;0;0;0;0.386;0.614
Reszel(3);0;0;0;0;0;0.889;0;0;0.111
LidzbarkWarmiñski(1);0;0;0;0;0;0.942;0;0;0.058
Orneta(3);0;0;0;0;0;0.355;0;0;0.645
Kolno(2);0;0;0;0;0;0;0;0.143;0.857
D¹brówno(2);0;0;0;0;0;0;0;0.179;0.821
Mi³akowo(3);0;0;0;0;0;0;0;0.324;0.676
Szczytno(2);0;0;0;0;0;0;0;0;1
Œwiêtajno(2);0;0;0;0;0.207;0;0;0.083;0.71
Pozezdrze(2);0;0;0;0.11;0;0;0;0.198;0.692
Chodzie¿(1);0;0;0;0;0;0.349;0;0.295;0.356
Budzyñ(2);0;0;0;0;0;0.663;0.24;0;0.096
Margonin(3);0;0;0;0;0;0.335;0.094;0;0.571
Krzy¿Wielkopolski(3);0;0;0;0;0;0;0;0;1
Trzcianka(3);0;0;0;0;0;0.515;0;0;0.485
Trzemeszno(3);0;0;0;0;0;0.286;0;0;0.714
Gostyñ(3);0;0;0;0;0;0.907;0;0;0.093
Opatówek(3);0;0;0;0;0;0.423;0.577;0;0
K³odawa(3);0;0;0;0;0;0;0;0;1
Koœcielec(2);0;0;0;0;0;0.891;0;0;0.109
Kramsk(2);0;0;0;0;0;0;0;0;1
StareMiasto(2);0;0;0;0;0;0;0;0.562;0.438
Wilczyn(2);0;0;0;0.22;0;0;0;0;0.78
Koœcian(2);0;0;0;0;0;0.613;0;0;0.387
Krzywiñ(3);0;0;0;0;0;0;0;0.205;0.795
Krotoszyn(3);0;0;0;0;0;0.759;0.102;0;0.139
Krzemieniewo(2);0;0;0;0;0;0.451;0;0;0.549
Rydzyna(3);0;0;0;0;0;0.711;0;0;0.289
ChrzypskoWielkie(2);0;0;0;0;0;0.375;0;0;0.625
Kwilcz(2);0;0;0;0;0;0;0;0;1
NowyTomyœl(3);0;0;0;0;0;0.651;0;0;0.349
Oborniki(3);0;0;0;0;0;0.124;0;0;0.876
RogoŸno(3);0;0;0;0;0;0.272;0;0;0.728
Odolanów(3);0;0;0;0;0;0;0;0;1
Ostrzeszów(3);0;0;0;0;0;0.865;0;0;0.135
£ob¿enica(3);0;0;0;0;0.638;0;0;0;0.362
Wyrzysk(3);0;0;0;0;0;0.309;0;0;0.691
Luboñ(1);0;0;0;0;0;0.954;0;0.046;0
Puszczykowo(1);0;0;0;0;0;0.494;0;0;0.506
Czerwonak(2);0;0;0;0;0;0.377;0;0.304;0.319
Pobiedziska(3);0;0;0;0;0;0.559;0;0.138;0.303
SuchyLas(2);0;0;0;0;0;0.845;0;0;0.155
Rawicz(3);0;0;0;0;0;0.688;0;0;0.312
Pniewy(3);0;0;0;0;0;0.29;0;0;0.71
Wronki(3);0;0;0;0;0;0.915;0;0;0.085
ŒrodaWielkopolska(3);0;0;0;0;0;1;0;0;0
Ksi¹¿Wielkopolski(3);0;0;0;0;0.847;0;0;0;0.153
Œrem(3);0;0;0;0;0;1;0;0;0
Turek(1);0;0;0;0;0;0.337;0;0;0.663
Skoki(3);0;0;0;0;0;0;0;0;1
Mi³os³aw(3);0;0;0.45;0;0;0.35;0;0;0.2
Nekla(3);0;0;0;0;0;0.877;0;0;0.123
Z³otów(1);0;0;0;0;0;0.155;0;0;0.845
Konin(1);0;0;0;0;0;0.569;0;0;0.431
Choszczno(3);0;0;0;0;0;0;0;0;1
Drawno(3);0;0;0;0;0;0;0;0;1
KaliszPomorski(3);0;0;0;0.166;0;0.751;0;0;0.083
Nowogard(3);0;0;0;0;0;0.714;0;0;0.286
Gryfice(3);0;0;0;0;0;0;0.236;0;0.764
Cedynia(3);0;0;0;0;0;1;0;0;0
Chojna(3);0;0;0;0;0;0.287;0;0;0.713
Moryñ(3);0;0;0;0;0;0;0;0;1
Golczewo(3);0;0;0;0;0;0;0;0;1
Bêdzino(2);0;0;0;0;0;0;0;0;1
Sianów(3);0;0;0;0;0;0;0;0;1
Ko³baskowo(2);0;0;0;0;0;0.655;0;0;0.345
Iñsko(3);0;0;0;0;0;0;0;0;1
Stargard(2);0;0;0;0;0;0.333;0;0;0.667
Bia³yBór(3);0;0;0.303;0.404;0;0;0;0;0.293
Œwidwin(1);0;0;0;0;0;0;0;0;1
Cz³opa(3);0;0;0;0;0;0;0;0;1
Miros³awiec(3);0;0;0;0;0;0;0;0;1
Tuczno(3);0;0;0;0;0;0;0;0;1
£obez(3);0;0;0;0;0;0.099;0;0;0.901
Karpacz(1);0;0.025;0;0;0.004;0.42;0;0.053;0.499
SzklarskaPorêba(1);0;0.038;0.039;0;0;0.296;0;0.108;0.518
Wroc³aw(1);0;0;0.003;0.016;0;0.67;0.004;0.001;0.307
Krynica-Zdrój(3);0;0;0;0;0;0.25;0;0.083;0.666
BukowinaTatrzañska(2);0;0.059;0;0;0;0.267;0;0.044;0.63
Poronin(2);0.014;0;0;0;0;0.037;0;0.06;0.888
Solina(2);0.023;0;0;0.069;0.029;0.043;0;0.025;0.81
£eba(1);0;0;0;0.163;0;0.054;0;0.008;0.775
KrynicaMorska(1);0;0;0;0.118;0;0.081;0;0.045;0.756
Poznañ(1);0;0;0;0.016;0;0.745;0.003;0.01;0.226
Dziwnów(3);0;0;0;0.11;0;0.015;0;0.034;0.841
Œwinoujœcie(1);0;0;0;0;0.04;0.198;0;0.034;0.728
Podgórzyn(2);0;0;0;0.2;0;0.173;0;0.043;0.584
Duszniki-Zdrój(1);0.029;0;0;0;0;0.073;0;0.037;0.861
BystrzycaK³odzka(3);0;0.086;0;0;0;0.184;0;0.042;0.687
L¹dek-Zdrój(3);0;0;0;0;0;0.156;0;0.046;0.798
Radków(3);0;0.053;0;0.16;0;0;0;0;0.787
StronieŒl¹skie(3);0;0;0;0;0;0.299;0;0.162;0.539
Szczawno-Zdrój(1);0;0;0;0;0;0.204;0;0.031;0.765
Walim(2);0;0;0;0;0;0.122;0;0;0.878
Legnica(1);0;0;0;0;0;0.927;0;0;0.073
Wa³brzychod2013(1);0;0;0;0;0;0.917;0;0;0.083
Zbiczno(2);0;0;0;0;0.234;0;0;0;0.766
Koronowo(3);0;0;0;0;0;0.098;0;0;0.902
Inowroc³aw(1);0;0;0;0;0;0.084;0;0;0.916
BrzeœæKujawski(3);0;0;0;0;0;0;0;0;1
G¹sawa(2);0;0;0;0;0.153;0.069;0;0;0.778
Grudzi¹dz(1);0;0;0;0.146;0;0.48;0;0;0.374
W³oc³awek(1);0;0;0;0;0;0.57;0.042;0.07;0.319
Pu³awy(1);0;0;0;0.073;0;0.167;0;0;0.759
Na³êczów(3);0;0;0;0.009;0;0.061;0;0.008;0.922
Krasnobród(3);0;0;0;0;0;0;0;0.047;0.953
Zwierzyniec(3);0;0;0;0;0.07;0;0;0;0.93
Bia³aPodlaska(1);0.069;0;0;0;0;0.338;0;0;0.594
Zamoœæ(1);0;0;0;0.051;0;0.401;0;0.018;0.53
Pszczew(2);0;0;0;0;0.153;0;0;0.021;0.826
S³ubice(3);0;0;0;0;0;0.583;0.027;0.067;0.322
Drezdenko(3);0;0;0;0.15;0.044;0.07;0;0.059;0.677
£agów(2);0;0;0;0;0;0.41;0;0.042;0.548
Sk¹pe(2);0;0;0;0;0.587;0;0;0;0.413
S³awa(3);0;0;0;0.151;0.15;0;0;0.034;0.665
GorzówWielkopolski(1);0;0;0;0;0;0.972;0;0;0.028
ZielonaGóra(1);0;0;0;0.077;0;0.431;0.048;0.024;0.42
Wolbórz(3);0;0;0;0;0;0.673;0;0;0.327
Inow³ódz(2);0;0;0;0;0;0.162;0;0.021;0.817
TomaszówMazowiecki(2);0;0;0;0;0.047;0.109;0;0.028;0.817
UœcieGorlickie(2);0;0;0;0.066;0;0.104;0;0.077;0.753
GródeknadDunajcem(2);0;0;0;0;0.064;0.31;0;0;0.626
Muszyna(3);0;0;0;0;0;0.187;0;0.039;0.774
Piwniczna-Zdrój(3);0;0.039;0;0;0;0.281;0;0;0.68
Czorsztyn(2);0;0.052;0;0;0;0.304;0.072;0.337;0.236
KroœcienkonadDunajcem(2);0.217;0;0;0;0.181;0;0;0.036;0.567
£apszeNi¿ne(2);0;0;0;0.106;0;0.132;0;0.123;0.639
Oœwiêcim(1);0;0;0;0;0;0.519;0;0;0.481
Zawoja(2);0;0.076;0;0;0;0.111;0;0;0.813
Bia³yDunajec(2);0.071;0;0;0;0;0;0;0.071;0.859
Wieliczka(3);0;0;0;0;0;0.784;0.099;0.019;0.099
NowyS¹cz(1);0;0;0;0;0;0.668;0;0;0.332
Tarnów(1);0;0;0;0.087;0;0.795;0;0;0.118
Sarnaki(2);0;0;0;0;0.521;0.046;0;0.047;0.385
P³ock(1);0;0;0;0;0;0.848;0;0.031;0.121
Radom(1);0;0;0;0;0;0.744;0;0;0.256
Siedlce(1);0;0;0;0;0;0.466;0;0;0.534
G³ucho³azy(3);0.204;0.023;0;0.168;0.018;0.115;0;0;0.472
Nysa(3);0;0;0;0;0.518;0.136;0;0;0.346
Opole(1);0.029;0;0;0;0;0.76;0;0.032;0.179
Czarna(2);0;0;0;0;0;0.187;0;0;0.813
UstrzykiDolne(3);0;0;0;0;0;0.602;0;0;0.398
Iwonicz-Zdrój(3);0;0;0;0;0;0.104;0;0.043;0.853
Rymanów(3);0;0;0;0;0.13;0.036;0;0.026;0.807
Sanok(1);0.366;0;0;0;0;0.427;0;0;0.207
Cisna(2);0;0;0;0;0.05;0.036;0;0.036;0.877
Krosno(1);0;0;0;0;0;0.764;0;0;0.236
Przemyœl(1);0.054;0;0.058;0;0;0.765;0;0;0.123
Tarnobrzeg(1);0;0;0;0;0;0.236;0;0;0.764
Augustów(1);0;0;0.116;0;0;0.161;0;0.036;0.688
Bia³owie¿a(2);0;0;0;0.087;0;0.463;0;0;0.451
Suwa³ki(1);0;0;0;0.044;0;0.672;0;0;0.284
Cz³uchów(1);0;0;0.021;0;0.427;0.026;0;0.021;0.505
Stê¿yca(2);0;0;0;0;0;0.104;0;0;0.896
Karsin(2);0;0;0;0;0;0;0;0.034;0.966
Wicko(2);0;0;0;0.198;0.037;0;0;0.02;0.745
Malbork(1);0.099;0;0;0.263;0;0.475;0;0;0.163
Choczewo(2);0;0;0;0;0;0.146;0;0;0.854
S³upsk(1);0;0;0;0;0;0.531;0;0.034;0.435
Brenna(2);0;0.061;0;0;0;0;0;0.064;0.874
Istebna(2);0;0;0;0;0;0;0;0;1
TarnowskieGóry(1);0.163;0;0;0;0;0.595;0.142;0;0.099
Kroczyce(2);0;0;0;0;0.725;0.145;0;0.035;0.095
Czernichów(2);0;0;0;0;0;0;0;0;1
Jeleœnia(2);0;0.088;0;0;0;0.159;0;0.022;0.731
Rajcza(2);0;0.152;0;0;0.103;0;0;0;0.745
Ujso³y(2);0;0.111;0;0;0.59;0;0;0;0.298
Bielsko-Bia³a(1);0;0.039;0;0.033;0;0.739;0;0.009;0.18
Gliwice(1);0;0;0;0;0.19;0.613;0;0;0.197
Tychy(1);0;0;0;0;0;0.859;0;0;0.141
Zabrze(1);0;0;0;0;0;0.591;0;0;0.409
Busko-Zdrój(3);0;0;0;0;0;0.202;0;0.062;0.736
Solec-Zdrój(2);0;0;0;0;0;0.524;0;0.099;0.377
Koñskie(3);0;0;0;0;0;0.217;0.027;0;0.756
Sandomierz(1);0;0;0;0.243;0;0.582;0.013;0.024;0.137
Gi¿ycko(1);0;0;0;0;0;0.639;0;0;0.361
Gi¿ycko(2);0.017;0;0;0.213;0.089;0.031;0;0.017;0.633
I³awa(1);0;0;0;0.276;0;0.274;0;0;0.449
Mr¹gowo(1);0;0;0;0.021;0;0.83;0;0.041;0.108
Mr¹gowo(2);0;0;0;0;0.309;0.132;0;0.128;0.431
Piecki(2);0;0;0;0;0.162;0.037;0;0.027;0.774
Olsztynek(3);0;0;0;0;0.053;0;0;0;0.947
Ostróda(1);0;0;0;0;0;0.482;0;0;0.518
Ostróda(2);0.048;0;0;0.088;0;0.519;0;0;0.345
Pisz(3);0;0;0;0;0;0.179;0;0;0.821
Ruciane-Nida(3);0;0;0;0.022;0;0.21;0;0.036;0.732
Go³dap(3);0;0;0;0;0.043;0.054;0;0;0.903
Wêgorzewo(3);0;0;0;0.179;0;0.122;0;0.048;0.652
Elbl¹g(1);0;0;0;0.08;0;0.675;0;0.032;0.212
Gniezno(1);0;0;0;0;0;0.626;0;0;0.374
Jarocin(3);0;0;0;0;0;0.556;0;0;0.444
W³oszakowice(2);0;0;0;0.061;0.098;0.198;0;0;0.643
Sieraków(3);0;0;0;0.196;0;0.12;0;0;0.685
Pi³a(1);0;0;0;0;0;0.548;0.023;0.028;0.401
TarnowoPodgórne(2);0;0;0;0;0;0.751;0.071;0;0.178
Przemêt(2);0;0;0;0.074;0.025;0.199;0;0.037;0.666
Wolsztyn(3);0;0;0;0.187;0;0.135;0.028;0.067;0.583
Czaplinek(3);0;0.026;0;0;0;0.038;0;0;0.936
Z³ocieniec(3);0;0;0;0;0.414;0.029;0;0;0.558
Wolin(3);0;0;0;0.481;0;0;0;0;0.519
Koszalin(1);0;0;0;0;0;0.604;0.063;0;0.333
Kudowa-Zdrój(1);0;0;0.016;0.066;0;0.279;0;0.051;0.587
Polanica-Zdrój(1);0;0;0;0;0;0.342;0;0.141;0.517
Œwieradów-Zdrój(1);0;0;0;0;0;0.378;0;0.051;0.572
JeleniaGóra(1);0;0;0.033;0.05;0;0.458;0;0.051;0.408
Bydgoszcz(1);0;0;0;0;0.021;0.831;0;0.006;0.142
Toruñ(1);0;0.034;0;0.028;0;0.604;0;0.004;0.329
KazimierzDolny(3);0;0;0;0.009;0;0.398;0;0.078;0.515
W³odawa(2);0;0;0;0;0;0.107;0;0;0.893
Lublin(1);0;0;0;0;0;0.708;0;0;0.292
Rabka-Zdrój(3);0;0.006;0;0;0;0.027;0;0.043;0.924
Koœcielisko(2);0;0.054;0;0;0;0.027;0;0.082;0.837
Serock(3);0;0;0;0;0;0.602;0;0;0.398
Lutowiska(2);0;0.034;0;0.074;0.157;0.071;0;0.029;0.636
Rzeszów(1);0;0;0.012;0;0;0.578;0;0;0.41
Bia³ystok(1);0;0;0.019;0;0;0.794;0;0;0.187
Chojnice(2);0;0;0;0;0.096;0.044;0;0;0.859
Koœcierzyna(2);0;0;0;0.03;0.009;0.122;0;0.006;0.833
Sztutowo(2);0;0;0;0;0.156;0.076;0;0;0.768
Hel(1);0;0;0;0;0;0;0;0;1
Gdynia(1);0;0;0.019;0;0;0.549;0;0;0.432
Szczyrk(1);0;0;0;0;0;0.272;0;0.035;0.694
Czêstochowa(1);0;0;0;0.195;0;0.341;0;0;0.463
Katowice(1);0;0;0;0.045;0;0.832;0;0;0.123
Kielce(1);0;0;0.017;0;0;0.62;0;0.007;0.356
Miko³ajki(3);0;0;0;0;0;0.832;0;0.021;0.147
Olsztyn(1);0;0;0.013;0;0;0.338;0;0.003;0.646
Witkowo(3);0;0;0;0;0.272;0.085;0;0;0.643
Œlesin(3);0.026;0;0;0;0.012;0.19;0;0.022;0.749
Postomino(2);0;0;0;0.017;0.051;0;0;0;0.932
Ciechocinek(1);0;0;0;0.017;0;0.13;0;0.023;0.83
£ódŸ(1);0.032;0;0.015;0;0;0.704;0;0;0.248
Szczawnica(3);0.044;0.031;0;0;0.007;0.156;0;0.018;0.745
Stegna(2);0;0;0.012;0.117;0.01;0.008;0;0.009;0.844
Jastarnia(3);0;0;0;0.132;0.029;0.216;0;0;0.622
Krokowa(2);0;0;0;0.101;0.052;0.022;0;0.013;0.811
Ustka(1);0;0;0;0;0.036;0.187;0;0;0.776
Ustka(2);0;0;0;0.071;0.022;0;0;0.007;0.9
Sopot(1);0;0;0;0.268;0;0.356;0;0.026;0.349
Ustroñ(1);0;0.009;0;0.013;0;0.275;0;0.008;0.694
Wis³a(1);0;0.011;0;0;0;0.522;0;0.01;0.458
Trzebiatów(3);0;0;0;0.01;0.1;0;0;0.012;0.878
Miêdzyzdroje(3);0;0;0;0.065;0;0.229;0;0.013;0.693
Ko³obrzeg(2);0;0;0;0.158;0;0.11;0;0.018;0.715
UstronieMorskie(2);0;0;0;0.065;0;0.067;0;0.008;0.86
Dar³owo(1);0;0;0;0.082;0;0.116;0;0.007;0.796
Dar³owo(2);0;0;0;0;0.025;0.027;0;0;0.948
Szczecin(1);0;0;0.006;0.021;0;0.481;0;0;0.492
Zakopane(1);0;0.011;0.005;0.014;0;0.302;0;0.08;0.589
W³adys³awowo(3);0;0;0;0.052;0.074;0.06;0;0.028;0.786
Gdañsk(1);0;0;0;0.024;0;0.471;0;0.014;0.491
Rewal(2);0;0;0;0.05;0.01;0.012;0;0.008;0.92
Ko³obrzeg(1);0;0;0;0.035;0;0.218;0.001;0.008;0.738
Mielno(3);0;0;0;0.037;0.033;0.072;0;0.023;0.835
Kraków(1);0.002;0;0.008;0.012;0.002;0.721;0;0.006;0.249
M.st.Warszawaod2002(1);0;0;0.003;0;0;0.783;0.001;0;0.213
